Bet,betsite,dates,odds,fighter1,fighter2,class,url
Nicolae Cury,5Dimes,1344033004000,-310,Nicolae Cury,Roger Carroll,even,https://www.bestfightodds.com/search?query=UFC%2014%3A%20Showdown
Nicolae Cury,5Dimes,1344048003000,-280,Nicolae Cury,Roger Carroll,even,https://www.bestfightodds.com/search?query=UFC%2014%3A%20Showdown
Nicolae Cury,5Dimes,1344048903000,-380,Nicolae Cury,Roger Carroll,even,https://www.bestfightodds.com/search?query=UFC%2014%3A%20Showdown
Nicolae Cury,5Dimes,1344050105000,-400,Nicolae Cury,Roger Carroll,even,https://www.bestfightodds.com/search?query=UFC%2014%3A%20Showdown
Nicolae Cury,5Dimes,1344050703000,-350,Nicolae Cury,Roger Carroll,even,https://www.bestfightodds.com/search?query=UFC%2014%3A%20Showdown
Nicolae Cury,BookMaker,1344028511000,-305,Nicolae Cury,Roger Carroll,even,https://www.bestfightodds.com/search?query=UFC%2014%3A%20Showdown
Nicolae Cury,BookMaker,1344044137000,-325,Nicolae Cury,Roger Carroll,even,https://www.bestfightodds.com/search?query=UFC%2014%3A%20Showdown
Nicolae Cury,BookMaker,1344050408000,-345,Nicolae Cury,Roger Carroll,even,https://www.bestfightodds.com/search?query=UFC%2014%3A%20Showdown
Nicolae Cury,BookMaker,1344051009000,-355,Nicolae Cury,Roger Carroll,even,https://www.bestfightodds.com/search?query=UFC%2014%3A%20Showdown
Nicolae Cury,SportBet,1344033035000,-298,Nicolae Cury,Roger Carroll,even,https://www.bestfightodds.com/search?query=UFC%2014%3A%20Showdown
Nicolae Cury,SportBet,1344048027000,-268,Nicolae Cury,Roger Carroll,even,https://www.bestfightodds.com/search?query=UFC%2014%3A%20Showdown
Nicolae Cury,SportBet,1344048926000,-362,Nicolae Cury,Roger Carroll,even,https://www.bestfightodds.com/search?query=UFC%2014%3A%20Showdown
Nicolae Cury,SportBet,1344050129000,-382,Nicolae Cury,Roger Carroll,even,https://www.bestfightodds.com/search?query=UFC%2014%3A%20Showdown
Nicolae Cury,SportBet,1344050727000,-335,Nicolae Cury,Roger Carroll,even,https://www.bestfightodds.com/search?query=UFC%2014%3A%20Showdown
Nicolae Cury,meanodds,1344028511000,-305,Nicolae Cury,Roger Carroll,even,https://www.bestfightodds.com/search?query=UFC%2014%3A%20Showdown
Nicolae Cury,meanodds,1344033004000,-307,Nicolae Cury,Roger Carroll,even,https://www.bestfightodds.com/search?query=UFC%2014%3A%20Showdown
Nicolae Cury,meanodds,1344033035000,-304,Nicolae Cury,Roger Carroll,even,https://www.bestfightodds.com/search?query=UFC%2014%3A%20Showdown
Nicolae Cury,meanodds,1344044137000,-311,Nicolae Cury,Roger Carroll,even,https://www.bestfightodds.com/search?query=UFC%2014%3A%20Showdown
Nicolae Cury,meanodds,1344048003000,-300,Nicolae Cury,Roger Carroll,even,https://www.bestfightodds.com/search?query=UFC%2014%3A%20Showdown
Nicolae Cury,meanodds,1344048027000,-289,Nicolae Cury,Roger Carroll,even,https://www.bestfightodds.com/search?query=UFC%2014%3A%20Showdown
Nicolae Cury,meanodds,1344048903000,-318,Nicolae Cury,Roger Carroll,even,https://www.bestfightodds.com/search?query=UFC%2014%3A%20Showdown
Nicolae Cury,meanodds,1344048926000,-354,Nicolae Cury,Roger Carroll,even,https://www.bestfightodds.com/search?query=UFC%2014%3A%20Showdown
Nicolae Cury,meanodds,1344050105000,-360,Nicolae Cury,Roger Carroll,even,https://www.bestfightodds.com/search?query=UFC%2014%3A%20Showdown
Nicolae Cury,meanodds,1344050129000,-366,Nicolae Cury,Roger Carroll,even,https://www.bestfightodds.com/search?query=UFC%2014%3A%20Showdown
Nicolae Cury,meanodds,1344050408000,-374,Nicolae Cury,Roger Carroll,even,https://www.bestfightodds.com/search?query=UFC%2014%3A%20Showdown
Nicolae Cury,meanodds,1344050703000,-358,Nicolae Cury,Roger Carroll,even,https://www.bestfightodds.com/search?query=UFC%2014%3A%20Showdown
Nicolae Cury,meanodds,1344050727000,-343,Nicolae Cury,Roger Carroll,even,https://www.bestfightodds.com/search?query=UFC%2014%3A%20Showdown
Nicolae Cury,meanodds,1344051009000,-346,Nicolae Cury,Roger Carroll,even,https://www.bestfightodds.com/search?query=UFC%2014%3A%20Showdown
Roger Carroll,5Dimes,1344033004000,+230,Nicolae Cury,Roger Carroll,odd,https://www.bestfightodds.com/search?query=UFC%2014%3A%20Showdown
Roger Carroll,5Dimes,1344048003000,+200,Nicolae Cury,Roger Carroll,odd,https://www.bestfightodds.com/search?query=UFC%2014%3A%20Showdown
Roger Carroll,5Dimes,1344048903000,+260,Nicolae Cury,Roger Carroll,odd,https://www.bestfightodds.com/search?query=UFC%2014%3A%20Showdown
Roger Carroll,5Dimes,1344050105000,+280,Nicolae Cury,Roger Carroll,odd,https://www.bestfightodds.com/search?query=UFC%2014%3A%20Showdown
Roger Carroll,5Dimes,1344050703000,+250,Nicolae Cury,Roger Carroll,odd,https://www.bestfightodds.com/search?query=UFC%2014%3A%20Showdown
Roger Carroll,BookMaker,1344028511000,+225,Nicolae Cury,Roger Carroll,odd,https://www.bestfightodds.com/search?query=UFC%2014%3A%20Showdown
Roger Carroll,BookMaker,1344044137000,+255,Nicolae Cury,Roger Carroll,odd,https://www.bestfightodds.com/search?query=UFC%2014%3A%20Showdown
Roger Carroll,BookMaker,1344050408000,+265,Nicolae Cury,Roger Carroll,odd,https://www.bestfightodds.com/search?query=UFC%2014%3A%20Showdown
Roger Carroll,BookMaker,1344051009000,+275,Nicolae Cury,Roger Carroll,odd,https://www.bestfightodds.com/search?query=UFC%2014%3A%20Showdown
Roger Carroll,SportBet,1344033035000,+242,Nicolae Cury,Roger Carroll,odd,https://www.bestfightodds.com/search?query=UFC%2014%3A%20Showdown
Roger Carroll,SportBet,1344048027000,+212,Nicolae Cury,Roger Carroll,odd,https://www.bestfightodds.com/search?query=UFC%2014%3A%20Showdown
Roger Carroll,SportBet,1344048926000,+278,Nicolae Cury,Roger Carroll,odd,https://www.bestfightodds.com/search?query=UFC%2014%3A%20Showdown
Roger Carroll,SportBet,1344050129000,+298,Nicolae Cury,Roger Carroll,odd,https://www.bestfightodds.com/search?query=UFC%2014%3A%20Showdown
Roger Carroll,SportBet,1344050727000,+265,Nicolae Cury,Roger Carroll,odd,https://www.bestfightodds.com/search?query=UFC%2014%3A%20Showdown
Roger Carroll,meanodds,1344028511000,+225,Nicolae Cury,Roger Carroll,odd,https://www.bestfightodds.com/search?query=UFC%2014%3A%20Showdown
Roger Carroll,meanodds,1344033004000,+228,Nicolae Cury,Roger Carroll,odd,https://www.bestfightodds.com/search?query=UFC%2014%3A%20Showdown
Roger Carroll,meanodds,1344033035000,+232,Nicolae Cury,Roger Carroll,odd,https://www.bestfightodds.com/search?query=UFC%2014%3A%20Showdown
Roger Carroll,meanodds,1344044137000,+242,Nicolae Cury,Roger Carroll,odd,https://www.bestfightodds.com/search?query=UFC%2014%3A%20Showdown
Roger Carroll,meanodds,1344048003000,+232,Nicolae Cury,Roger Carroll,odd,https://www.bestfightodds.com/search?query=UFC%2014%3A%20Showdown
Roger Carroll,meanodds,1344048027000,+222,Nicolae Cury,Roger Carroll,odd,https://www.bestfightodds.com/search?query=UFC%2014%3A%20Showdown
Roger Carroll,meanodds,1344048903000,+242,Nicolae Cury,Roger Carroll,odd,https://www.bestfightodds.com/search?query=UFC%2014%3A%20Showdown
Roger Carroll,meanodds,1344048926000,+264,Nicolae Cury,Roger Carroll,odd,https://www.bestfightodds.com/search?query=UFC%2014%3A%20Showdown
Roger Carroll,meanodds,1344050105000,+271,Nicolae Cury,Roger Carroll,odd,https://www.bestfightodds.com/search?query=UFC%2014%3A%20Showdown
Roger Carroll,meanodds,1344050129000,+278,Nicolae Cury,Roger Carroll,odd,https://www.bestfightodds.com/search?query=UFC%2014%3A%20Showdown
Roger Carroll,meanodds,1344050408000,+281,Nicolae Cury,Roger Carroll,odd,https://www.bestfightodds.com/search?query=UFC%2014%3A%20Showdown
Roger Carroll,meanodds,1344050703000,+271,Nicolae Cury,Roger Carroll,odd,https://www.bestfightodds.com/search?query=UFC%2014%3A%20Showdown
Roger Carroll,meanodds,1344050727000,+260,Nicolae Cury,Roger Carroll,odd,https://www.bestfightodds.com/search?query=UFC%2014%3A%20Showdown
Roger Carroll,meanodds,1344051009000,+263,Nicolae Cury,Roger Carroll,odd,https://www.bestfightodds.com/search?query=UFC%2014%3A%20Showdown
Keith Richardson,5Dimes,1344033303000,+180,Keith Richardson,Lawson McClure,even,https://www.bestfightodds.com/search?query=UFC%2014%3A%20Showdown
Keith Richardson,BookMaker,1344028511000,+175,Keith Richardson,Lawson McClure,even,https://www.bestfightodds.com/search?query=UFC%2014%3A%20Showdown
Keith Richardson,BookMaker,1344044137000,+170,Keith Richardson,Lawson McClure,even,https://www.bestfightodds.com/search?query=UFC%2014%3A%20Showdown
Keith Richardson,SportBet,1344033035000,+192,Keith Richardson,Lawson McClure,even,https://www.bestfightodds.com/search?query=UFC%2014%3A%20Showdown
Keith Richardson,meanodds,1344028511000,+175,Keith Richardson,Lawson McClure,even,https://www.bestfightodds.com/search?query=UFC%2014%3A%20Showdown
Keith Richardson,meanodds,1344033035000,+184,Keith Richardson,Lawson McClure,even,https://www.bestfightodds.com/search?query=UFC%2014%3A%20Showdown
Keith Richardson,meanodds,1344033303000,+182,Keith Richardson,Lawson McClure,even,https://www.bestfightodds.com/search?query=UFC%2014%3A%20Showdown
Keith Richardson,meanodds,1344044137000,+181,Keith Richardson,Lawson McClure,even,https://www.bestfightodds.com/search?query=UFC%2014%3A%20Showdown
Lawson McClure,5Dimes,1344033303000,-260,Keith Richardson,Lawson McClure,odd,https://www.bestfightodds.com/search?query=UFC%2014%3A%20Showdown
Lawson McClure,BookMaker,1344028511000,-245,Keith Richardson,Lawson McClure,odd,https://www.bestfightodds.com/search?query=UFC%2014%3A%20Showdown
Lawson McClure,BookMaker,1344044137000,-220,Keith Richardson,Lawson McClure,odd,https://www.bestfightodds.com/search?query=UFC%2014%3A%20Showdown
Lawson McClure,SportBet,1344033035000,-248,Keith Richardson,Lawson McClure,odd,https://www.bestfightodds.com/search?query=UFC%2014%3A%20Showdown
Lawson McClure,meanodds,1344028511000,-245,Keith Richardson,Lawson McClure,odd,https://www.bestfightodds.com/search?query=UFC%2014%3A%20Showdown
Lawson McClure,meanodds,1344033035000,-246,Keith Richardson,Lawson McClure,odd,https://www.bestfightodds.com/search?query=UFC%2014%3A%20Showdown
Lawson McClure,meanodds,1344033303000,-251,Keith Richardson,Lawson McClure,odd,https://www.bestfightodds.com/search?query=UFC%2014%3A%20Showdown
Lawson McClure,meanodds,1344044137000,-241,Keith Richardson,Lawson McClure,odd,https://www.bestfightodds.com/search?query=UFC%2014%3A%20Showdown
David Mays,5Dimes,1344033004000,+180,David Mays,Nick Newell,even,https://www.bestfightodds.com/search?query=UFC%2014%3A%20Showdown
David Mays,5Dimes,1344047705000,+170,David Mays,Nick Newell,even,https://www.bestfightodds.com/search?query=UFC%2014%3A%20Showdown
David Mays,BookMaker,1344028511000,+185,David Mays,Nick Newell,even,https://www.bestfightodds.com/search?query=UFC%2014%3A%20Showdown
David Mays,BookMaker,1344044137000,+205,David Mays,Nick Newell,even,https://www.bestfightodds.com/search?query=UFC%2014%3A%20Showdown
David Mays,BookMaker,1344046810000,+215,David Mays,Nick Newell,even,https://www.bestfightodds.com/search?query=UFC%2014%3A%20Showdown
David Mays,BookMaker,1344048310000,+230,David Mays,Nick Newell,even,https://www.bestfightodds.com/search?query=UFC%2014%3A%20Showdown
David Mays,SportBet,1344033035000,+192,David Mays,Nick Newell,even,https://www.bestfightodds.com/search?query=UFC%2014%3A%20Showdown
David Mays,SportBet,1344047735000,+179,David Mays,Nick Newell,even,https://www.bestfightodds.com/search?query=UFC%2014%3A%20Showdown
David Mays,meanodds,1344028511000,+185,David Mays,Nick Newell,even,https://www.bestfightodds.com/search?query=UFC%2014%3A%20Showdown
David Mays,meanodds,1344033004000,+183,David Mays,Nick Newell,even,https://www.bestfightodds.com/search?query=UFC%2014%3A%20Showdown
David Mays,meanodds,1344033035000,+186,David Mays,Nick Newell,even,https://www.bestfightodds.com/search?query=UFC%2014%3A%20Showdown
David Mays,meanodds,1344044137000,+192,David Mays,Nick Newell,even,https://www.bestfightodds.com/search?query=UFC%2014%3A%20Showdown
David Mays,meanodds,1344046810000,+196,David Mays,Nick Newell,even,https://www.bestfightodds.com/search?query=UFC%2014%3A%20Showdown
David Mays,meanodds,1344047705000,+192,David Mays,Nick Newell,even,https://www.bestfightodds.com/search?query=UFC%2014%3A%20Showdown
David Mays,meanodds,1344047735000,+188,David Mays,Nick Newell,even,https://www.bestfightodds.com/search?query=UFC%2014%3A%20Showdown
David Mays,meanodds,1344048310000,+193,David Mays,Nick Newell,even,https://www.bestfightodds.com/search?query=UFC%2014%3A%20Showdown
Nick Newell,5Dimes,1344033004000,-260,David Mays,Nick Newell,odd,https://www.bestfightodds.com/search?query=UFC%2014%3A%20Showdown
Nick Newell,5Dimes,1344047705000,-230,David Mays,Nick Newell,odd,https://www.bestfightodds.com/search?query=UFC%2014%3A%20Showdown
Nick Newell,BookMaker,1344028511000,-255,David Mays,Nick Newell,odd,https://www.bestfightodds.com/search?query=UFC%2014%3A%20Showdown
Nick Newell,BookMaker,1344044137000,-275,David Mays,Nick Newell,odd,https://www.bestfightodds.com/search?query=UFC%2014%3A%20Showdown
Nick Newell,BookMaker,1344046810000,-285,David Mays,Nick Newell,odd,https://www.bestfightodds.com/search?query=UFC%2014%3A%20Showdown
Nick Newell,BookMaker,1344048310000,-300,David Mays,Nick Newell,odd,https://www.bestfightodds.com/search?query=UFC%2014%3A%20Showdown
Nick Newell,SportBet,1344033035000,-248,David Mays,Nick Newell,odd,https://www.bestfightodds.com/search?query=UFC%2014%3A%20Showdown
Nick Newell,SportBet,1344047735000,-221,David Mays,Nick Newell,odd,https://www.bestfightodds.com/search?query=UFC%2014%3A%20Showdown
Nick Newell,meanodds,1344028511000,-255,David Mays,Nick Newell,odd,https://www.bestfightodds.com/search?query=UFC%2014%3A%20Showdown
Nick Newell,meanodds,1344033004000,-257,David Mays,Nick Newell,odd,https://www.bestfightodds.com/search?query=UFC%2014%3A%20Showdown
Nick Newell,meanodds,1344033035000,-254,David Mays,Nick Newell,odd,https://www.bestfightodds.com/search?query=UFC%2014%3A%20Showdown
Nick Newell,meanodds,1344044137000,-261,David Mays,Nick Newell,odd,https://www.bestfightodds.com/search?query=UFC%2014%3A%20Showdown
Nick Newell,meanodds,1344046810000,-263,David Mays,Nick Newell,odd,https://www.bestfightodds.com/search?query=UFC%2014%3A%20Showdown
Nick Newell,meanodds,1344047705000,-252,David Mays,Nick Newell,odd,https://www.bestfightodds.com/search?query=UFC%2014%3A%20Showdown
Nick Newell,meanodds,1344047735000,-242,David Mays,Nick Newell,odd,https://www.bestfightodds.com/search?query=UFC%2014%3A%20Showdown
Nick Newell,meanodds,1344048310000,-246,David Mays,Nick Newell,odd,https://www.bestfightodds.com/search?query=UFC%2014%3A%20Showdown
Johnny Buck,5Dimes,1344033303000,+250,Johnny Buck,Ricky Rainey,even,https://www.bestfightodds.com/search?query=UFC%2014%3A%20Showdown
Johnny Buck,BookMaker,1344028511000,+245,Johnny Buck,Ricky Rainey,even,https://www.bestfightodds.com/search?query=UFC%2014%3A%20Showdown
Johnny Buck,SportBet,1344033035000,+265,Johnny Buck,Ricky Rainey,even,https://www.bestfightodds.com/search?query=UFC%2014%3A%20Showdown
Johnny Buck,meanodds,1344028511000,+245,Johnny Buck,Ricky Rainey,even,https://www.bestfightodds.com/search?query=UFC%2014%3A%20Showdown
Johnny Buck,meanodds,1344033035000,+255,Johnny Buck,Ricky Rainey,even,https://www.bestfightodds.com/search?query=UFC%2014%3A%20Showdown
Johnny Buck,meanodds,1344033303000,+253,Johnny Buck,Ricky Rainey,even,https://www.bestfightodds.com/search?query=UFC%2014%3A%20Showdown
Ricky Rainey,5Dimes,1344033303000,-350,Johnny Buck,Ricky Rainey,odd,https://www.bestfightodds.com/search?query=UFC%2014%3A%20Showdown
Ricky Rainey,BookMaker,1344028511000,-325,Johnny Buck,Ricky Rainey,odd,https://www.bestfightodds.com/search?query=UFC%2014%3A%20Showdown
Ricky Rainey,SportBet,1344033035000,-335,Johnny Buck,Ricky Rainey,odd,https://www.bestfightodds.com/search?query=UFC%2014%3A%20Showdown
Ricky Rainey,meanodds,1344028511000,-325,Johnny Buck,Ricky Rainey,odd,https://www.bestfightodds.com/search?query=UFC%2014%3A%20Showdown
Ricky Rainey,meanodds,1344033035000,-330,Johnny Buck,Ricky Rainey,odd,https://www.bestfightodds.com/search?query=UFC%2014%3A%20Showdown
Ricky Rainey,meanodds,1344033303000,-336,Johnny Buck,Ricky Rainey,odd,https://www.bestfightodds.com/search?query=UFC%2014%3A%20Showdown
Joe Elmore,5Dimes,1344033004000,+160,Joe Elmore,Kevin Forant,even,https://www.bestfightodds.com/search?query=UFC%2014%3A%20Showdown
Joe Elmore,5Dimes,1344044702000,+140,Joe Elmore,Kevin Forant,even,https://www.bestfightodds.com/search?query=UFC%2014%3A%20Showdown
Joe Elmore,BookMaker,1344028511000,+155,Joe Elmore,Kevin Forant,even,https://www.bestfightodds.com/search?query=UFC%2014%3A%20Showdown
Joe Elmore,SportBet,1344033035000,+167,Joe Elmore,Kevin Forant,even,https://www.bestfightodds.com/search?query=UFC%2014%3A%20Showdown
Joe Elmore,SportBet,1344044731000,+146,Joe Elmore,Kevin Forant,even,https://www.bestfightodds.com/search?query=UFC%2014%3A%20Showdown
Joe Elmore,meanodds,1344028511000,+155,Joe Elmore,Kevin Forant,even,https://www.bestfightodds.com/search?query=UFC%2014%3A%20Showdown
Joe Elmore,meanodds,1344033004000,+158,Joe Elmore,Kevin Forant,even,https://www.bestfightodds.com/search?query=UFC%2014%3A%20Showdown
Joe Elmore,meanodds,1344033035000,+161,Joe Elmore,Kevin Forant,even,https://www.bestfightodds.com/search?query=UFC%2014%3A%20Showdown
Joe Elmore,meanodds,1344044702000,+154,Joe Elmore,Kevin Forant,even,https://www.bestfightodds.com/search?query=UFC%2014%3A%20Showdown
Joe Elmore,meanodds,1344044731000,+147,Joe Elmore,Kevin Forant,even,https://www.bestfightodds.com/search?query=UFC%2014%3A%20Showdown
Kevin Forant,5Dimes,1344033004000,-210,Joe Elmore,Kevin Forant,odd,https://www.bestfightodds.com/search?query=UFC%2014%3A%20Showdown
Kevin Forant,5Dimes,1344044702000,-180,Joe Elmore,Kevin Forant,odd,https://www.bestfightodds.com/search?query=UFC%2014%3A%20Showdown
Kevin Forant,BookMaker,1344028511000,-205,Joe Elmore,Kevin Forant,odd,https://www.bestfightodds.com/search?query=UFC%2014%3A%20Showdown
Kevin Forant,SportBet,1344033035000,-203,Joe Elmore,Kevin Forant,odd,https://www.bestfightodds.com/search?query=UFC%2014%3A%20Showdown
Kevin Forant,SportBet,1344044731000,-174,Joe Elmore,Kevin Forant,odd,https://www.bestfightodds.com/search?query=UFC%2014%3A%20Showdown
Kevin Forant,meanodds,1344028511000,-205,Joe Elmore,Kevin Forant,odd,https://www.bestfightodds.com/search?query=UFC%2014%3A%20Showdown
Kevin Forant,meanodds,1344033004000,-207,Joe Elmore,Kevin Forant,odd,https://www.bestfightodds.com/search?query=UFC%2014%3A%20Showdown
Kevin Forant,meanodds,1344033035000,-206,Joe Elmore,Kevin Forant,odd,https://www.bestfightodds.com/search?query=UFC%2014%3A%20Showdown
Kevin Forant,meanodds,1344044702000,-195,Joe Elmore,Kevin Forant,odd,https://www.bestfightodds.com/search?query=UFC%2014%3A%20Showdown
Kevin Forant,meanodds,1344044731000,-185,Joe Elmore,Kevin Forant,odd,https://www.bestfightodds.com/search?query=UFC%2014%3A%20Showdown
Felice Herrig,5Dimes,1344033004000,-530,Felice Herrig,Simona Soukupova,even,https://www.bestfightodds.com/search?query=UFC%2014%3A%20Showdown
Felice Herrig,5Dimes,1344033303000,-600,Felice Herrig,Simona Soukupova,even,https://www.bestfightodds.com/search?query=UFC%2014%3A%20Showdown
Felice Herrig,5Dimes,1344035103000,-750,Felice Herrig,Simona Soukupova,even,https://www.bestfightodds.com/search?query=UFC%2014%3A%20Showdown
Felice Herrig,BookMaker,1344028511000,-575,Felice Herrig,Simona Soukupova,even,https://www.bestfightodds.com/search?query=UFC%2014%3A%20Showdown
Felice Herrig,BookMaker,1344036612000,-650,Felice Herrig,Simona Soukupova,even,https://www.bestfightodds.com/search?query=UFC%2014%3A%20Showdown
Felice Herrig,SportBet,1344033035000,-570,Felice Herrig,Simona Soukupova,even,https://www.bestfightodds.com/search?query=UFC%2014%3A%20Showdown
Felice Herrig,SportBet,1344035140000,-705,Felice Herrig,Simona Soukupova,even,https://www.bestfightodds.com/search?query=UFC%2014%3A%20Showdown
Felice Herrig,meanodds,1344028511000,-575,Felice Herrig,Simona Soukupova,even,https://www.bestfightodds.com/search?query=UFC%2014%3A%20Showdown
Felice Herrig,meanodds,1344033004000,-552,Felice Herrig,Simona Soukupova,even,https://www.bestfightodds.com/search?query=UFC%2014%3A%20Showdown
Felice Herrig,meanodds,1344033035000,-558,Felice Herrig,Simona Soukupova,even,https://www.bestfightodds.com/search?query=UFC%2014%3A%20Showdown
Felice Herrig,meanodds,1344033303000,-581,Felice Herrig,Simona Soukupova,even,https://www.bestfightodds.com/search?query=UFC%2014%3A%20Showdown
Felice Herrig,meanodds,1344035103000,-622,Felice Herrig,Simona Soukupova,even,https://www.bestfightodds.com/search?query=UFC%2014%3A%20Showdown
Felice Herrig,meanodds,1344035140000,-668,Felice Herrig,Simona Soukupova,even,https://www.bestfightodds.com/search?query=UFC%2014%3A%20Showdown
Felice Herrig,meanodds,1344036612000,-699,Felice Herrig,Simona Soukupova,even,https://www.bestfightodds.com/search?query=UFC%2014%3A%20Showdown
Simona Soukupova,5Dimes,1344033004000,+350,Felice Herrig,Simona Soukupova,odd,https://www.bestfightodds.com/search?query=UFC%2014%3A%20Showdown
Simona Soukupova,5Dimes,1344033303000,+400,Felice Herrig,Simona Soukupova,odd,https://www.bestfightodds.com/search?query=UFC%2014%3A%20Showdown
Simona Soukupova,5Dimes,1344035103000,+450,Felice Herrig,Simona Soukupova,odd,https://www.bestfightodds.com/search?query=UFC%2014%3A%20Showdown
Simona Soukupova,BookMaker,1344028511000,+325,Felice Herrig,Simona Soukupova,odd,https://www.bestfightodds.com/search?query=UFC%2014%3A%20Showdown
Simona Soukupova,BookMaker,1344036612000,+400,Felice Herrig,Simona Soukupova,odd,https://www.bestfightodds.com/search?query=UFC%2014%3A%20Showdown
Simona Soukupova,SportBet,1344033035000,+430,Felice Herrig,Simona Soukupova,odd,https://www.bestfightodds.com/search?query=UFC%2014%3A%20Showdown
Simona Soukupova,SportBet,1344035140000,+495,Felice Herrig,Simona Soukupova,odd,https://www.bestfightodds.com/search?query=UFC%2014%3A%20Showdown
Simona Soukupova,meanodds,1344028511000,+325,Felice Herrig,Simona Soukupova,odd,https://www.bestfightodds.com/search?query=UFC%2014%3A%20Showdown
Simona Soukupova,meanodds,1344033004000,+338,Felice Herrig,Simona Soukupova,odd,https://www.bestfightodds.com/search?query=UFC%2014%3A%20Showdown
Simona Soukupova,meanodds,1344033035000,+368,Felice Herrig,Simona Soukupova,odd,https://www.bestfightodds.com/search?query=UFC%2014%3A%20Showdown
Simona Soukupova,meanodds,1344033303000,+385,Felice Herrig,Simona Soukupova,odd,https://www.bestfightodds.com/search?query=UFC%2014%3A%20Showdown
Simona Soukupova,meanodds,1344035103000,+402,Felice Herrig,Simona Soukupova,odd,https://www.bestfightodds.com/search?query=UFC%2014%3A%20Showdown
Simona Soukupova,meanodds,1344035140000,+423,Felice Herrig,Simona Soukupova,odd,https://www.bestfightodds.com/search?query=UFC%2014%3A%20Showdown
Simona Soukupova,meanodds,1344036612000,+448,Felice Herrig,Simona Soukupova,odd,https://www.bestfightodds.com/search?query=UFC%2014%3A%20Showdown
Jason Hicks,5Dimes,1344033004000,-145,Jason Hicks,Shane Crenshaw,even,https://www.bestfightodds.com/search?query=UFC%2014%3A%20Showdown
Jason Hicks,5Dimes,1344043804000,-135,Jason Hicks,Shane Crenshaw,even,https://www.bestfightodds.com/search?query=UFC%2014%3A%20Showdown
Jason Hicks,BookMaker,1344028511000,-135,Jason Hicks,Shane Crenshaw,even,https://www.bestfightodds.com/search?query=UFC%2014%3A%20Showdown
Jason Hicks,BookMaker,1344044137000,-120,Jason Hicks,Shane Crenshaw,even,https://www.bestfightodds.com/search?query=UFC%2014%3A%20Showdown
Jason Hicks,SportBet,1344033035000,-139,Jason Hicks,Shane Crenshaw,even,https://www.bestfightodds.com/search?query=UFC%2014%3A%20Showdown
Jason Hicks,SportBet,1344043839000,-129,Jason Hicks,Shane Crenshaw,even,https://www.bestfightodds.com/search?query=UFC%2014%3A%20Showdown
Jason Hicks,meanodds,1344028511000,-135,Jason Hicks,Shane Crenshaw,even,https://www.bestfightodds.com/search?query=UFC%2014%3A%20Showdown
Jason Hicks,meanodds,1344033004000,-140,Jason Hicks,Shane Crenshaw,even,https://www.bestfightodds.com/search?query=UFC%2014%3A%20Showdown
Jason Hicks,meanodds,1344033035000,-140,Jason Hicks,Shane Crenshaw,even,https://www.bestfightodds.com/search?query=UFC%2014%3A%20Showdown
Jason Hicks,meanodds,1344043804000,-136,Jason Hicks,Shane Crenshaw,even,https://www.bestfightodds.com/search?query=UFC%2014%3A%20Showdown
Jason Hicks,meanodds,1344043839000,-133,Jason Hicks,Shane Crenshaw,even,https://www.bestfightodds.com/search?query=UFC%2014%3A%20Showdown
Jason Hicks,meanodds,1344044137000,-128,Jason Hicks,Shane Crenshaw,even,https://www.bestfightodds.com/search?query=UFC%2014%3A%20Showdown
Shane Crenshaw,5Dimes,1344033004000,+105,Jason Hicks,Shane Crenshaw,odd,https://www.bestfightodds.com/search?query=UFC%2014%3A%20Showdown
Shane Crenshaw,5Dimes,1344043804000,-105,Jason Hicks,Shane Crenshaw,odd,https://www.bestfightodds.com/search?query=UFC%2014%3A%20Showdown
Shane Crenshaw,BookMaker,1344028511000,-105,Jason Hicks,Shane Crenshaw,odd,https://www.bestfightodds.com/search?query=UFC%2014%3A%20Showdown
Shane Crenshaw,BookMaker,1344044137000,-120,Jason Hicks,Shane Crenshaw,odd,https://www.bestfightodds.com/search?query=UFC%2014%3A%20Showdown
Shane Crenshaw,SportBet,1344033035000,+111,Jason Hicks,Shane Crenshaw,odd,https://www.bestfightodds.com/search?query=UFC%2014%3A%20Showdown
Shane Crenshaw,SportBet,1344043839000,+101,Jason Hicks,Shane Crenshaw,odd,https://www.bestfightodds.com/search?query=UFC%2014%3A%20Showdown
Shane Crenshaw,meanodds,1344028511000,-105,Jason Hicks,Shane Crenshaw,odd,https://www.bestfightodds.com/search?query=UFC%2014%3A%20Showdown
Shane Crenshaw,meanodds,1344033004000,+100,Jason Hicks,Shane Crenshaw,odd,https://www.bestfightodds.com/search?query=UFC%2014%3A%20Showdown
Shane Crenshaw,meanodds,1344033035000,+104,Jason Hicks,Shane Crenshaw,odd,https://www.bestfightodds.com/search?query=UFC%2014%3A%20Showdown
Shane Crenshaw,meanodds,1344043804000,+100,Jason Hicks,Shane Crenshaw,odd,https://www.bestfightodds.com/search?query=UFC%2014%3A%20Showdown
Shane Crenshaw,meanodds,1344043839000,-103,Jason Hicks,Shane Crenshaw,odd,https://www.bestfightodds.com/search?query=UFC%2014%3A%20Showdown
Shane Crenshaw,meanodds,1344044137000,-107,Jason Hicks,Shane Crenshaw,odd,https://www.bestfightodds.com/search?query=UFC%2014%3A%20Showdown
