Bet,betsite,dates,odds,fighter1,fighter2,class,url
B.J. Penn,BookMaker,1181509210000,-355,B.J. Penn,Jens Pulver,even,https://www.bestfightodds.com/events/ufc-the-ultimate-fighter-5-finale-3
B.J. Penn,BookMaker,1181608210000,-365,B.J. Penn,Jens Pulver,even,https://www.bestfightodds.com/events/ufc-the-ultimate-fighter-5-finale-3
B.J. Penn,BookMaker,1182249012000,-380,B.J. Penn,Jens Pulver,even,https://www.bestfightodds.com/events/ufc-the-ultimate-fighter-5-finale-3
B.J. Penn,BookMaker,1182312010000,-360,B.J. Penn,Jens Pulver,even,https://www.bestfightodds.com/events/ufc-the-ultimate-fighter-5-finale-3
B.J. Penn,BookMaker,1182477613000,-380,B.J. Penn,Jens Pulver,even,https://www.bestfightodds.com/events/ufc-the-ultimate-fighter-5-finale-3
B.J. Penn,BookMaker,1182603609000,-385,B.J. Penn,Jens Pulver,even,https://www.bestfightodds.com/events/ufc-the-ultimate-fighter-5-finale-3
B.J. Penn,BookMaker,1182609008000,-395,B.J. Penn,Jens Pulver,even,https://www.bestfightodds.com/events/ufc-the-ultimate-fighter-5-finale-3
B.J. Penn,BookMaker,1182655810000,-355,B.J. Penn,Jens Pulver,even,https://www.bestfightodds.com/events/ufc-the-ultimate-fighter-5-finale-3
B.J. Penn,BookMaker,1182659411000,-355,B.J. Penn,Jens Pulver,even,https://www.bestfightodds.com/events/ufc-the-ultimate-fighter-5-finale-3
B.J. Penn,BookMaker,1182661211000,-330,B.J. Penn,Jens Pulver,even,https://www.bestfightodds.com/events/ufc-the-ultimate-fighter-5-finale-3
B.J. Penn,BookMaker,1182663009000,-340,B.J. Penn,Jens Pulver,even,https://www.bestfightodds.com/events/ufc-the-ultimate-fighter-5-finale-3
B.J. Penn,BookMaker,1182670209000,-350,B.J. Penn,Jens Pulver,even,https://www.bestfightodds.com/events/ufc-the-ultimate-fighter-5-finale-3
B.J. Penn,SportBet,1181169012000,-490,B.J. Penn,Jens Pulver,even,https://www.bestfightodds.com/events/ufc-the-ultimate-fighter-5-finale-3
B.J. Penn,SportBet,1182306608000,-490,B.J. Penn,Jens Pulver,even,https://www.bestfightodds.com/events/ufc-the-ultimate-fighter-5-finale-3
B.J. Penn,SportBet,1182312009000,-345,B.J. Penn,Jens Pulver,even,https://www.bestfightodds.com/events/ufc-the-ultimate-fighter-5-finale-3
B.J. Penn,SportBet,1182661209000,-330,B.J. Penn,Jens Pulver,even,https://www.bestfightodds.com/events/ufc-the-ultimate-fighter-5-finale-3
B.J. Penn,Bovada,1181260805000,-450,B.J. Penn,Jens Pulver,even,https://www.bestfightodds.com/events/ufc-the-ultimate-fighter-5-finale-3
B.J. Penn,Bovada,1181781004000,-360,B.J. Penn,Jens Pulver,even,https://www.bestfightodds.com/events/ufc-the-ultimate-fighter-5-finale-3
B.J. Penn,Bovada,1181908803000,-350,B.J. Penn,Jens Pulver,even,https://www.bestfightodds.com/events/ufc-the-ultimate-fighter-5-finale-3
B.J. Penn,Bovada,1181975404000,-325,B.J. Penn,Jens Pulver,even,https://www.bestfightodds.com/events/ufc-the-ultimate-fighter-5-finale-3
B.J. Penn,Bovada,1181977202000,-335,B.J. Penn,Jens Pulver,even,https://www.bestfightodds.com/events/ufc-the-ultimate-fighter-5-finale-3
B.J. Penn,Bovada,1182105003000,-330,B.J. Penn,Jens Pulver,even,https://www.bestfightodds.com/events/ufc-the-ultimate-fighter-5-finale-3
B.J. Penn,Bovada,1182317402000,-325,B.J. Penn,Jens Pulver,even,https://www.bestfightodds.com/events/ufc-the-ultimate-fighter-5-finale-3
B.J. Penn,Bovada,1182364202000,-300,B.J. Penn,Jens Pulver,even,https://www.bestfightodds.com/events/ufc-the-ultimate-fighter-5-finale-3
B.J. Penn,Bovada,1182461402000,-320,B.J. Penn,Jens Pulver,even,https://www.bestfightodds.com/events/ufc-the-ultimate-fighter-5-finale-3
B.J. Penn,Bovada,1182475802000,-350,B.J. Penn,Jens Pulver,even,https://www.bestfightodds.com/events/ufc-the-ultimate-fighter-5-finale-3
B.J. Penn,Bovada,1182504607000,-340,B.J. Penn,Jens Pulver,even,https://www.bestfightodds.com/events/ufc-the-ultimate-fighter-5-finale-3
B.J. Penn,Bovada,1182574803000,-330,B.J. Penn,Jens Pulver,even,https://www.bestfightodds.com/events/ufc-the-ultimate-fighter-5-finale-3
B.J. Penn,Bovada,1182589206000,-350,B.J. Penn,Jens Pulver,even,https://www.bestfightodds.com/events/ufc-the-ultimate-fighter-5-finale-3
B.J. Penn,Bovada,1182623402000,-350,B.J. Penn,Jens Pulver,even,https://www.bestfightodds.com/events/ufc-the-ultimate-fighter-5-finale-3
B.J. Penn,Sportsbook,1182574820000,-330,B.J. Penn,Jens Pulver,even,https://www.bestfightodds.com/events/ufc-the-ultimate-fighter-5-finale-3
B.J. Penn,SportsInt.,1182634217000,-278,B.J. Penn,Jens Pulver,even,https://www.bestfightodds.com/events/ufc-the-ultimate-fighter-5-finale-3
B.J. Penn,SportsInt.,1182638490000,-357,B.J. Penn,Jens Pulver,even,https://www.bestfightodds.com/events/ufc-the-ultimate-fighter-5-finale-3
B.J. Penn,meanodds,1181169012000,-490,B.J. Penn,Jens Pulver,even,https://www.bestfightodds.com/events/ufc-the-ultimate-fighter-5-finale-3
B.J. Penn,meanodds,1181260805000,-469,B.J. Penn,Jens Pulver,even,https://www.bestfightodds.com/events/ufc-the-ultimate-fighter-5-finale-3
B.J. Penn,meanodds,1181509210000,-424,B.J. Penn,Jens Pulver,even,https://www.bestfightodds.com/events/ufc-the-ultimate-fighter-5-finale-3
B.J. Penn,meanodds,1181608210000,-428,B.J. Penn,Jens Pulver,even,https://www.bestfightodds.com/events/ufc-the-ultimate-fighter-5-finale-3
B.J. Penn,meanodds,1181781004000,-397,B.J. Penn,Jens Pulver,even,https://www.bestfightodds.com/events/ufc-the-ultimate-fighter-5-finale-3
B.J. Penn,meanodds,1181908803000,-393,B.J. Penn,Jens Pulver,even,https://www.bestfightodds.com/events/ufc-the-ultimate-fighter-5-finale-3
B.J. Penn,meanodds,1181975404000,-382,B.J. Penn,Jens Pulver,even,https://www.bestfightodds.com/events/ufc-the-ultimate-fighter-5-finale-3
B.J. Penn,meanodds,1181977202000,-386,B.J. Penn,Jens Pulver,even,https://www.bestfightodds.com/events/ufc-the-ultimate-fighter-5-finale-3
B.J. Penn,meanodds,1182105003000,-384,B.J. Penn,Jens Pulver,even,https://www.bestfightodds.com/events/ufc-the-ultimate-fighter-5-finale-3
B.J. Penn,meanodds,1182249012000,-389,B.J. Penn,Jens Pulver,even,https://www.bestfightodds.com/events/ufc-the-ultimate-fighter-5-finale-3
B.J. Penn,meanodds,1182306608000,-389,B.J. Penn,Jens Pulver,even,https://www.bestfightodds.com/events/ufc-the-ultimate-fighter-5-finale-3
B.J. Penn,meanodds,1182312009000,-350,B.J. Penn,Jens Pulver,even,https://www.bestfightodds.com/events/ufc-the-ultimate-fighter-5-finale-3
B.J. Penn,meanodds,1182312010000,-345,B.J. Penn,Jens Pulver,even,https://www.bestfightodds.com/events/ufc-the-ultimate-fighter-5-finale-3
B.J. Penn,meanodds,1182317402000,-343,B.J. Penn,Jens Pulver,even,https://www.bestfightodds.com/events/ufc-the-ultimate-fighter-5-finale-3
B.J. Penn,meanodds,1182364202000,-333,B.J. Penn,Jens Pulver,even,https://www.bestfightodds.com/events/ufc-the-ultimate-fighter-5-finale-3
B.J. Penn,meanodds,1182461402000,-341,B.J. Penn,Jens Pulver,even,https://www.bestfightodds.com/events/ufc-the-ultimate-fighter-5-finale-3
B.J. Penn,meanodds,1182475802000,-352,B.J. Penn,Jens Pulver,even,https://www.bestfightodds.com/events/ufc-the-ultimate-fighter-5-finale-3
B.J. Penn,meanodds,1182477613000,-358,B.J. Penn,Jens Pulver,even,https://www.bestfightodds.com/events/ufc-the-ultimate-fighter-5-finale-3
B.J. Penn,meanodds,1182504607000,-354,B.J. Penn,Jens Pulver,even,https://www.bestfightodds.com/events/ufc-the-ultimate-fighter-5-finale-3
B.J. Penn,meanodds,1182574803000,-350,B.J. Penn,Jens Pulver,even,https://www.bestfightodds.com/events/ufc-the-ultimate-fighter-5-finale-3
B.J. Penn,meanodds,1182574820000,-345,B.J. Penn,Jens Pulver,even,https://www.bestfightodds.com/events/ufc-the-ultimate-fighter-5-finale-3
B.J. Penn,meanodds,1182589206000,-350,B.J. Penn,Jens Pulver,even,https://www.bestfightodds.com/events/ufc-the-ultimate-fighter-5-finale-3
B.J. Penn,meanodds,1182603609000,-351,B.J. Penn,Jens Pulver,even,https://www.bestfightodds.com/events/ufc-the-ultimate-fighter-5-finale-3
B.J. Penn,meanodds,1182609008000,-353,B.J. Penn,Jens Pulver,even,https://www.bestfightodds.com/events/ufc-the-ultimate-fighter-5-finale-3
B.J. Penn,meanodds,1182623402000,-353,B.J. Penn,Jens Pulver,even,https://www.bestfightodds.com/events/ufc-the-ultimate-fighter-5-finale-3
B.J. Penn,meanodds,1182634217000,-335,B.J. Penn,Jens Pulver,even,https://www.bestfightodds.com/events/ufc-the-ultimate-fighter-5-finale-3
B.J. Penn,meanodds,1182638490000,-354,B.J. Penn,Jens Pulver,even,https://www.bestfightodds.com/events/ufc-the-ultimate-fighter-5-finale-3
B.J. Penn,meanodds,1182655810000,-347,B.J. Penn,Jens Pulver,even,https://www.bestfightodds.com/events/ufc-the-ultimate-fighter-5-finale-3
B.J. Penn,meanodds,1182659411000,-347,B.J. Penn,Jens Pulver,even,https://www.bestfightodds.com/events/ufc-the-ultimate-fighter-5-finale-3
B.J. Penn,meanodds,1182661209000,-344,B.J. Penn,Jens Pulver,even,https://www.bestfightodds.com/events/ufc-the-ultimate-fighter-5-finale-3
B.J. Penn,meanodds,1182661211000,-339,B.J. Penn,Jens Pulver,even,https://www.bestfightodds.com/events/ufc-the-ultimate-fighter-5-finale-3
B.J. Penn,meanodds,1182663009000,-341,B.J. Penn,Jens Pulver,even,https://www.bestfightodds.com/events/ufc-the-ultimate-fighter-5-finale-3
B.J. Penn,meanodds,1182670209000,-343,B.J. Penn,Jens Pulver,even,https://www.bestfightodds.com/events/ufc-the-ultimate-fighter-5-finale-3
Jens Pulver,BookMaker,1181509210000,+285,B.J. Penn,Jens Pulver,odd,https://www.bestfightodds.com/events/ufc-the-ultimate-fighter-5-finale-3
Jens Pulver,BookMaker,1181608210000,+295,B.J. Penn,Jens Pulver,odd,https://www.bestfightodds.com/events/ufc-the-ultimate-fighter-5-finale-3
Jens Pulver,BookMaker,1182249012000,+310,B.J. Penn,Jens Pulver,odd,https://www.bestfightodds.com/events/ufc-the-ultimate-fighter-5-finale-3
Jens Pulver,BookMaker,1182312010000,+290,B.J. Penn,Jens Pulver,odd,https://www.bestfightodds.com/events/ufc-the-ultimate-fighter-5-finale-3
Jens Pulver,BookMaker,1182477613000,+310,B.J. Penn,Jens Pulver,odd,https://www.bestfightodds.com/events/ufc-the-ultimate-fighter-5-finale-3
Jens Pulver,BookMaker,1182603609000,+315,B.J. Penn,Jens Pulver,odd,https://www.bestfightodds.com/events/ufc-the-ultimate-fighter-5-finale-3
Jens Pulver,BookMaker,1182609008000,+315,B.J. Penn,Jens Pulver,odd,https://www.bestfightodds.com/events/ufc-the-ultimate-fighter-5-finale-3
Jens Pulver,BookMaker,1182655810000,+285,B.J. Penn,Jens Pulver,odd,https://www.bestfightodds.com/events/ufc-the-ultimate-fighter-5-finale-3
Jens Pulver,BookMaker,1182659411000,+295,B.J. Penn,Jens Pulver,odd,https://www.bestfightodds.com/events/ufc-the-ultimate-fighter-5-finale-3
Jens Pulver,BookMaker,1182661211000,+270,B.J. Penn,Jens Pulver,odd,https://www.bestfightodds.com/events/ufc-the-ultimate-fighter-5-finale-3
Jens Pulver,BookMaker,1182663009000,+280,B.J. Penn,Jens Pulver,odd,https://www.bestfightodds.com/events/ufc-the-ultimate-fighter-5-finale-3
Jens Pulver,BookMaker,1182670209000,+280,B.J. Penn,Jens Pulver,odd,https://www.bestfightodds.com/events/ufc-the-ultimate-fighter-5-finale-3
Jens Pulver,SportBet,1181169012000,+340,B.J. Penn,Jens Pulver,odd,https://www.bestfightodds.com/events/ufc-the-ultimate-fighter-5-finale-3
Jens Pulver,SportBet,1182306608000,+300,B.J. Penn,Jens Pulver,odd,https://www.bestfightodds.com/events/ufc-the-ultimate-fighter-5-finale-3
Jens Pulver,SportBet,1182312009000,+275,B.J. Penn,Jens Pulver,odd,https://www.bestfightodds.com/events/ufc-the-ultimate-fighter-5-finale-3
Jens Pulver,SportBet,1182661209000,+260,B.J. Penn,Jens Pulver,odd,https://www.bestfightodds.com/events/ufc-the-ultimate-fighter-5-finale-3
Jens Pulver,Bovada,1181260805000,+300,B.J. Penn,Jens Pulver,odd,https://www.bestfightodds.com/events/ufc-the-ultimate-fighter-5-finale-3
Jens Pulver,Bovada,1181781004000,+280,B.J. Penn,Jens Pulver,odd,https://www.bestfightodds.com/events/ufc-the-ultimate-fighter-5-finale-3
Jens Pulver,Bovada,1181908803000,+275,B.J. Penn,Jens Pulver,odd,https://www.bestfightodds.com/events/ufc-the-ultimate-fighter-5-finale-3
Jens Pulver,Bovada,1181975404000,+250,B.J. Penn,Jens Pulver,odd,https://www.bestfightodds.com/events/ufc-the-ultimate-fighter-5-finale-3
Jens Pulver,Bovada,1181977202000,+265,B.J. Penn,Jens Pulver,odd,https://www.bestfightodds.com/events/ufc-the-ultimate-fighter-5-finale-3
Jens Pulver,Bovada,1182105003000,+260,B.J. Penn,Jens Pulver,odd,https://www.bestfightodds.com/events/ufc-the-ultimate-fighter-5-finale-3
Jens Pulver,Bovada,1182317402000,+250,B.J. Penn,Jens Pulver,odd,https://www.bestfightodds.com/events/ufc-the-ultimate-fighter-5-finale-3
Jens Pulver,Bovada,1182364202000,+240,B.J. Penn,Jens Pulver,odd,https://www.bestfightodds.com/events/ufc-the-ultimate-fighter-5-finale-3
Jens Pulver,Bovada,1182461402000,+240,B.J. Penn,Jens Pulver,odd,https://www.bestfightodds.com/events/ufc-the-ultimate-fighter-5-finale-3
Jens Pulver,Bovada,1182475802000,+275,B.J. Penn,Jens Pulver,odd,https://www.bestfightodds.com/events/ufc-the-ultimate-fighter-5-finale-3
Jens Pulver,Bovada,1182504607000,+270,B.J. Penn,Jens Pulver,odd,https://www.bestfightodds.com/events/ufc-the-ultimate-fighter-5-finale-3
Jens Pulver,Bovada,1182574803000,+260,B.J. Penn,Jens Pulver,odd,https://www.bestfightodds.com/events/ufc-the-ultimate-fighter-5-finale-3
Jens Pulver,Bovada,1182589206000,+225,B.J. Penn,Jens Pulver,odd,https://www.bestfightodds.com/events/ufc-the-ultimate-fighter-5-finale-3
Jens Pulver,Bovada,1182623402000,+250,B.J. Penn,Jens Pulver,odd,https://www.bestfightodds.com/events/ufc-the-ultimate-fighter-5-finale-3
Jens Pulver,Sportsbook,1182574820000,+260,B.J. Penn,Jens Pulver,odd,https://www.bestfightodds.com/events/ufc-the-ultimate-fighter-5-finale-3
Jens Pulver,SportsInt.,1182634217000,+187,B.J. Penn,Jens Pulver,odd,https://www.bestfightodds.com/events/ufc-the-ultimate-fighter-5-finale-3
Jens Pulver,SportsInt.,1182638490000,+225,B.J. Penn,Jens Pulver,odd,https://www.bestfightodds.com/events/ufc-the-ultimate-fighter-5-finale-3
Jens Pulver,meanodds,1181169012000,+340,B.J. Penn,Jens Pulver,odd,https://www.bestfightodds.com/events/ufc-the-ultimate-fighter-5-finale-3
Jens Pulver,meanodds,1181260805000,+320,B.J. Penn,Jens Pulver,odd,https://www.bestfightodds.com/events/ufc-the-ultimate-fighter-5-finale-3
Jens Pulver,meanodds,1181509210000,+308,B.J. Penn,Jens Pulver,odd,https://www.bestfightodds.com/events/ufc-the-ultimate-fighter-5-finale-3
Jens Pulver,meanodds,1181608210000,+312,B.J. Penn,Jens Pulver,odd,https://www.bestfightodds.com/events/ufc-the-ultimate-fighter-5-finale-3
Jens Pulver,meanodds,1181781004000,+305,B.J. Penn,Jens Pulver,odd,https://www.bestfightodds.com/events/ufc-the-ultimate-fighter-5-finale-3
Jens Pulver,meanodds,1181908803000,+303,B.J. Penn,Jens Pulver,odd,https://www.bestfightodds.com/events/ufc-the-ultimate-fighter-5-finale-3
Jens Pulver,meanodds,1181975404000,+295,B.J. Penn,Jens Pulver,odd,https://www.bestfightodds.com/events/ufc-the-ultimate-fighter-5-finale-3
Jens Pulver,meanodds,1181977202000,+300,B.J. Penn,Jens Pulver,odd,https://www.bestfightodds.com/events/ufc-the-ultimate-fighter-5-finale-3
Jens Pulver,meanodds,1182105003000,+298,B.J. Penn,Jens Pulver,odd,https://www.bestfightodds.com/events/ufc-the-ultimate-fighter-5-finale-3
Jens Pulver,meanodds,1182249012000,+303,B.J. Penn,Jens Pulver,odd,https://www.bestfightodds.com/events/ufc-the-ultimate-fighter-5-finale-3
Jens Pulver,meanodds,1182306608000,+290,B.J. Penn,Jens Pulver,odd,https://www.bestfightodds.com/events/ufc-the-ultimate-fighter-5-finale-3
Jens Pulver,meanodds,1182312009000,+282,B.J. Penn,Jens Pulver,odd,https://www.bestfightodds.com/events/ufc-the-ultimate-fighter-5-finale-3
Jens Pulver,meanodds,1182312010000,+275,B.J. Penn,Jens Pulver,odd,https://www.bestfightodds.com/events/ufc-the-ultimate-fighter-5-finale-3
Jens Pulver,meanodds,1182317402000,+272,B.J. Penn,Jens Pulver,odd,https://www.bestfightodds.com/events/ufc-the-ultimate-fighter-5-finale-3
Jens Pulver,meanodds,1182364202000,+268,B.J. Penn,Jens Pulver,odd,https://www.bestfightodds.com/events/ufc-the-ultimate-fighter-5-finale-3
Jens Pulver,meanodds,1182461402000,+268,B.J. Penn,Jens Pulver,odd,https://www.bestfightodds.com/events/ufc-the-ultimate-fighter-5-finale-3
Jens Pulver,meanodds,1182475802000,+280,B.J. Penn,Jens Pulver,odd,https://www.bestfightodds.com/events/ufc-the-ultimate-fighter-5-finale-3
Jens Pulver,meanodds,1182477613000,+287,B.J. Penn,Jens Pulver,odd,https://www.bestfightodds.com/events/ufc-the-ultimate-fighter-5-finale-3
Jens Pulver,meanodds,1182504607000,+285,B.J. Penn,Jens Pulver,odd,https://www.bestfightodds.com/events/ufc-the-ultimate-fighter-5-finale-3
Jens Pulver,meanodds,1182574803000,+282,B.J. Penn,Jens Pulver,odd,https://www.bestfightodds.com/events/ufc-the-ultimate-fighter-5-finale-3
Jens Pulver,meanodds,1182574820000,+276,B.J. Penn,Jens Pulver,odd,https://www.bestfightodds.com/events/ufc-the-ultimate-fighter-5-finale-3
Jens Pulver,meanodds,1182589206000,+268,B.J. Penn,Jens Pulver,odd,https://www.bestfightodds.com/events/ufc-the-ultimate-fighter-5-finale-3
Jens Pulver,meanodds,1182603609000,+269,B.J. Penn,Jens Pulver,odd,https://www.bestfightodds.com/events/ufc-the-ultimate-fighter-5-finale-3
Jens Pulver,meanodds,1182609008000,+269,B.J. Penn,Jens Pulver,odd,https://www.bestfightodds.com/events/ufc-the-ultimate-fighter-5-finale-3
Jens Pulver,meanodds,1182623402000,+275,B.J. Penn,Jens Pulver,odd,https://www.bestfightodds.com/events/ufc-the-ultimate-fighter-5-finale-3
Jens Pulver,meanodds,1182634217000,+257,B.J. Penn,Jens Pulver,odd,https://www.bestfightodds.com/events/ufc-the-ultimate-fighter-5-finale-3
Jens Pulver,meanodds,1182638490000,+265,B.J. Penn,Jens Pulver,odd,https://www.bestfightodds.com/events/ufc-the-ultimate-fighter-5-finale-3
Jens Pulver,meanodds,1182655810000,+259,B.J. Penn,Jens Pulver,odd,https://www.bestfightodds.com/events/ufc-the-ultimate-fighter-5-finale-3
Jens Pulver,meanodds,1182659411000,+261,B.J. Penn,Jens Pulver,odd,https://www.bestfightodds.com/events/ufc-the-ultimate-fighter-5-finale-3
Jens Pulver,meanodds,1182661209000,+258,B.J. Penn,Jens Pulver,odd,https://www.bestfightodds.com/events/ufc-the-ultimate-fighter-5-finale-3
Jens Pulver,meanodds,1182661211000,+253,B.J. Penn,Jens Pulver,odd,https://www.bestfightodds.com/events/ufc-the-ultimate-fighter-5-finale-3
Jens Pulver,meanodds,1182663009000,+255,B.J. Penn,Jens Pulver,odd,https://www.bestfightodds.com/events/ufc-the-ultimate-fighter-5-finale-3
Jens Pulver,meanodds,1182670209000,+255,B.J. Penn,Jens Pulver,odd,https://www.bestfightodds.com/events/ufc-the-ultimate-fighter-5-finale-3
Manny Gamburyan,BookMaker,1182474009000,-110,Manny Gamburyan,Nate Diaz,even,https://www.bestfightodds.com/events/ufc-the-ultimate-fighter-5-finale-3
Manny Gamburyan,BookMaker,1182517211000,-105,Manny Gamburyan,Nate Diaz,even,https://www.bestfightodds.com/events/ufc-the-ultimate-fighter-5-finale-3
Manny Gamburyan,BookMaker,1182601811000,-110,Manny Gamburyan,Nate Diaz,even,https://www.bestfightodds.com/events/ufc-the-ultimate-fighter-5-finale-3
Manny Gamburyan,BookMaker,1182641413000,-120,Manny Gamburyan,Nate Diaz,even,https://www.bestfightodds.com/events/ufc-the-ultimate-fighter-5-finale-3
Manny Gamburyan,BookMaker,1182654009000,-135,Manny Gamburyan,Nate Diaz,even,https://www.bestfightodds.com/events/ufc-the-ultimate-fighter-5-finale-3
Manny Gamburyan,BookMaker,1182659411000,-145,Manny Gamburyan,Nate Diaz,even,https://www.bestfightodds.com/events/ufc-the-ultimate-fighter-5-finale-3
Manny Gamburyan,BookMaker,1182661211000,-125,Manny Gamburyan,Nate Diaz,even,https://www.bestfightodds.com/events/ufc-the-ultimate-fighter-5-finale-3
Manny Gamburyan,BookMaker,1182663009000,-135,Manny Gamburyan,Nate Diaz,even,https://www.bestfightodds.com/events/ufc-the-ultimate-fighter-5-finale-3
Manny Gamburyan,BookMaker,1182670209000,-130,Manny Gamburyan,Nate Diaz,even,https://www.bestfightodds.com/events/ufc-the-ultimate-fighter-5-finale-3
Manny Gamburyan,BookMaker,1182672008000,-150,Manny Gamburyan,Nate Diaz,even,https://www.bestfightodds.com/events/ufc-the-ultimate-fighter-5-finale-3
Manny Gamburyan,BookMaker,1182673811000,-145,Manny Gamburyan,Nate Diaz,even,https://www.bestfightodds.com/events/ufc-the-ultimate-fighter-5-finale-3
Manny Gamburyan,SportBet,1182638481000,-110,Manny Gamburyan,Nate Diaz,even,https://www.bestfightodds.com/events/ufc-the-ultimate-fighter-5-finale-3
Manny Gamburyan,SportBet,1182661210000,-125,Manny Gamburyan,Nate Diaz,even,https://www.bestfightodds.com/events/ufc-the-ultimate-fighter-5-finale-3
Manny Gamburyan,Bovada,1182481203000,-115,Manny Gamburyan,Nate Diaz,even,https://www.bestfightodds.com/events/ufc-the-ultimate-fighter-5-finale-3
Manny Gamburyan,Bovada,1182621605000,-120,Manny Gamburyan,Nate Diaz,even,https://www.bestfightodds.com/events/ufc-the-ultimate-fighter-5-finale-3
Manny Gamburyan,Bovada,1182650402000,-125,Manny Gamburyan,Nate Diaz,even,https://www.bestfightodds.com/events/ufc-the-ultimate-fighter-5-finale-3
Manny Gamburyan,Sportsbook,1182574820000,-115,Manny Gamburyan,Nate Diaz,even,https://www.bestfightodds.com/events/ufc-the-ultimate-fighter-5-finale-3
Manny Gamburyan,SportsInt.,1182638490000,-120,Manny Gamburyan,Nate Diaz,even,https://www.bestfightodds.com/events/ufc-the-ultimate-fighter-5-finale-3
Manny Gamburyan,meanodds,1182474009000,-110,Manny Gamburyan,Nate Diaz,even,https://www.bestfightodds.com/events/ufc-the-ultimate-fighter-5-finale-3
Manny Gamburyan,meanodds,1182481203000,-112,Manny Gamburyan,Nate Diaz,even,https://www.bestfightodds.com/events/ufc-the-ultimate-fighter-5-finale-3
Manny Gamburyan,meanodds,1182517211000,-110,Manny Gamburyan,Nate Diaz,even,https://www.bestfightodds.com/events/ufc-the-ultimate-fighter-5-finale-3
Manny Gamburyan,meanodds,1182574820000,-111,Manny Gamburyan,Nate Diaz,even,https://www.bestfightodds.com/events/ufc-the-ultimate-fighter-5-finale-3
Manny Gamburyan,meanodds,1182601811000,-113,Manny Gamburyan,Nate Diaz,even,https://www.bestfightodds.com/events/ufc-the-ultimate-fighter-5-finale-3
Manny Gamburyan,meanodds,1182621605000,-115,Manny Gamburyan,Nate Diaz,even,https://www.bestfightodds.com/events/ufc-the-ultimate-fighter-5-finale-3
Manny Gamburyan,meanodds,1182638481000,-114,Manny Gamburyan,Nate Diaz,even,https://www.bestfightodds.com/events/ufc-the-ultimate-fighter-5-finale-3
Manny Gamburyan,meanodds,1182638490000,-115,Manny Gamburyan,Nate Diaz,even,https://www.bestfightodds.com/events/ufc-the-ultimate-fighter-5-finale-3
Manny Gamburyan,meanodds,1182641413000,-117,Manny Gamburyan,Nate Diaz,even,https://www.bestfightodds.com/events/ufc-the-ultimate-fighter-5-finale-3
Manny Gamburyan,meanodds,1182650402000,-118,Manny Gamburyan,Nate Diaz,even,https://www.bestfightodds.com/events/ufc-the-ultimate-fighter-5-finale-3
Manny Gamburyan,meanodds,1182654009000,-120,Manny Gamburyan,Nate Diaz,even,https://www.bestfightodds.com/events/ufc-the-ultimate-fighter-5-finale-3
Manny Gamburyan,meanodds,1182659411000,-122,Manny Gamburyan,Nate Diaz,even,https://www.bestfightodds.com/events/ufc-the-ultimate-fighter-5-finale-3
Manny Gamburyan,meanodds,1182661210000,-125,Manny Gamburyan,Nate Diaz,even,https://www.bestfightodds.com/events/ufc-the-ultimate-fighter-5-finale-3
Manny Gamburyan,meanodds,1182661211000,-122,Manny Gamburyan,Nate Diaz,even,https://www.bestfightodds.com/events/ufc-the-ultimate-fighter-5-finale-3
Manny Gamburyan,meanodds,1182663009000,-124,Manny Gamburyan,Nate Diaz,even,https://www.bestfightodds.com/events/ufc-the-ultimate-fighter-5-finale-3
Manny Gamburyan,meanodds,1182670209000,-123,Manny Gamburyan,Nate Diaz,even,https://www.bestfightodds.com/events/ufc-the-ultimate-fighter-5-finale-3
Manny Gamburyan,meanodds,1182672008000,-126,Manny Gamburyan,Nate Diaz,even,https://www.bestfightodds.com/events/ufc-the-ultimate-fighter-5-finale-3
Manny Gamburyan,meanodds,1182673811000,-125,Manny Gamburyan,Nate Diaz,even,https://www.bestfightodds.com/events/ufc-the-ultimate-fighter-5-finale-3
Nate Diaz,BookMaker,1182474009000,-120,Manny Gamburyan,Nate Diaz,odd,https://www.bestfightodds.com/events/ufc-the-ultimate-fighter-5-finale-3
Nate Diaz,BookMaker,1182517211000,-125,Manny Gamburyan,Nate Diaz,odd,https://www.bestfightodds.com/events/ufc-the-ultimate-fighter-5-finale-3
Nate Diaz,BookMaker,1182601811000,-120,Manny Gamburyan,Nate Diaz,odd,https://www.bestfightodds.com/events/ufc-the-ultimate-fighter-5-finale-3
Nate Diaz,BookMaker,1182641413000,-110,Manny Gamburyan,Nate Diaz,odd,https://www.bestfightodds.com/events/ufc-the-ultimate-fighter-5-finale-3
Nate Diaz,BookMaker,1182654009000,+105,Manny Gamburyan,Nate Diaz,odd,https://www.bestfightodds.com/events/ufc-the-ultimate-fighter-5-finale-3
Nate Diaz,BookMaker,1182659411000,+125,Manny Gamburyan,Nate Diaz,odd,https://www.bestfightodds.com/events/ufc-the-ultimate-fighter-5-finale-3
Nate Diaz,BookMaker,1182661211000,-105,Manny Gamburyan,Nate Diaz,odd,https://www.bestfightodds.com/events/ufc-the-ultimate-fighter-5-finale-3
Nate Diaz,BookMaker,1182663009000,+105,Manny Gamburyan,Nate Diaz,odd,https://www.bestfightodds.com/events/ufc-the-ultimate-fighter-5-finale-3
Nate Diaz,BookMaker,1182670209000,+100,Manny Gamburyan,Nate Diaz,odd,https://www.bestfightodds.com/events/ufc-the-ultimate-fighter-5-finale-3
Nate Diaz,BookMaker,1182672008000,+120,Manny Gamburyan,Nate Diaz,odd,https://www.bestfightodds.com/events/ufc-the-ultimate-fighter-5-finale-3
Nate Diaz,BookMaker,1182673811000,+115,Manny Gamburyan,Nate Diaz,odd,https://www.bestfightodds.com/events/ufc-the-ultimate-fighter-5-finale-3
Nate Diaz,SportBet,1182638481000,-120,Manny Gamburyan,Nate Diaz,odd,https://www.bestfightodds.com/events/ufc-the-ultimate-fighter-5-finale-3
Nate Diaz,SportBet,1182661210000,-105,Manny Gamburyan,Nate Diaz,odd,https://www.bestfightodds.com/events/ufc-the-ultimate-fighter-5-finale-3
Nate Diaz,Bovada,1182481203000,-115,Manny Gamburyan,Nate Diaz,odd,https://www.bestfightodds.com/events/ufc-the-ultimate-fighter-5-finale-3
Nate Diaz,Bovada,1182621605000,-110,Manny Gamburyan,Nate Diaz,odd,https://www.bestfightodds.com/events/ufc-the-ultimate-fighter-5-finale-3
Nate Diaz,Bovada,1182650402000,-105,Manny Gamburyan,Nate Diaz,odd,https://www.bestfightodds.com/events/ufc-the-ultimate-fighter-5-finale-3
Nate Diaz,Sportsbook,1182574820000,-115,Manny Gamburyan,Nate Diaz,odd,https://www.bestfightodds.com/events/ufc-the-ultimate-fighter-5-finale-3
Nate Diaz,SportsInt.,1182638490000,-120,Manny Gamburyan,Nate Diaz,odd,https://www.bestfightodds.com/events/ufc-the-ultimate-fighter-5-finale-3
Nate Diaz,meanodds,1182474009000,-120,Manny Gamburyan,Nate Diaz,odd,https://www.bestfightodds.com/events/ufc-the-ultimate-fighter-5-finale-3
Nate Diaz,meanodds,1182481203000,-117,Manny Gamburyan,Nate Diaz,odd,https://www.bestfightodds.com/events/ufc-the-ultimate-fighter-5-finale-3
Nate Diaz,meanodds,1182517211000,-120,Manny Gamburyan,Nate Diaz,odd,https://www.bestfightodds.com/events/ufc-the-ultimate-fighter-5-finale-3
Nate Diaz,meanodds,1182574820000,-118,Manny Gamburyan,Nate Diaz,odd,https://www.bestfightodds.com/events/ufc-the-ultimate-fighter-5-finale-3
Nate Diaz,meanodds,1182601811000,-117,Manny Gamburyan,Nate Diaz,odd,https://www.bestfightodds.com/events/ufc-the-ultimate-fighter-5-finale-3
Nate Diaz,meanodds,1182621605000,-115,Manny Gamburyan,Nate Diaz,odd,https://www.bestfightodds.com/events/ufc-the-ultimate-fighter-5-finale-3
Nate Diaz,meanodds,1182638481000,-116,Manny Gamburyan,Nate Diaz,odd,https://www.bestfightodds.com/events/ufc-the-ultimate-fighter-5-finale-3
Nate Diaz,meanodds,1182638490000,-117,Manny Gamburyan,Nate Diaz,odd,https://www.bestfightodds.com/events/ufc-the-ultimate-fighter-5-finale-3
Nate Diaz,meanodds,1182641413000,-115,Manny Gamburyan,Nate Diaz,odd,https://www.bestfightodds.com/events/ufc-the-ultimate-fighter-5-finale-3
Nate Diaz,meanodds,1182650402000,-114,Manny Gamburyan,Nate Diaz,odd,https://www.bestfightodds.com/events/ufc-the-ultimate-fighter-5-finale-3
Nate Diaz,meanodds,1182654009000,-110,Manny Gamburyan,Nate Diaz,odd,https://www.bestfightodds.com/events/ufc-the-ultimate-fighter-5-finale-3
Nate Diaz,meanodds,1182659411000,-106,Manny Gamburyan,Nate Diaz,odd,https://www.bestfightodds.com/events/ufc-the-ultimate-fighter-5-finale-3
Nate Diaz,meanodds,1182661210000,-103,Manny Gamburyan,Nate Diaz,odd,https://www.bestfightodds.com/events/ufc-the-ultimate-fighter-5-finale-3
Nate Diaz,meanodds,1182661211000,-110,Manny Gamburyan,Nate Diaz,odd,https://www.bestfightodds.com/events/ufc-the-ultimate-fighter-5-finale-3
Nate Diaz,meanodds,1182663009000,-107,Manny Gamburyan,Nate Diaz,odd,https://www.bestfightodds.com/events/ufc-the-ultimate-fighter-5-finale-3
Nate Diaz,meanodds,1182670209000,-109,Manny Gamburyan,Nate Diaz,odd,https://www.bestfightodds.com/events/ufc-the-ultimate-fighter-5-finale-3
Nate Diaz,meanodds,1182672008000,-104,Manny Gamburyan,Nate Diaz,odd,https://www.bestfightodds.com/events/ufc-the-ultimate-fighter-5-finale-3
Nate Diaz,meanodds,1182673811000,-105,Manny Gamburyan,Nate Diaz,odd,https://www.bestfightodds.com/events/ufc-the-ultimate-fighter-5-finale-3
Doug Evans,BookMaker,1182474009000,+500,Doug Evans,Roger Huerta,even,https://www.bestfightodds.com/events/ufc-the-ultimate-fighter-5-finale-3
Doug Evans,BookMaker,1182659411000,+550,Doug Evans,Roger Huerta,even,https://www.bestfightodds.com/events/ufc-the-ultimate-fighter-5-finale-3
Doug Evans,BookMaker,1182661211000,+550,Doug Evans,Roger Huerta,even,https://www.bestfightodds.com/events/ufc-the-ultimate-fighter-5-finale-3
Doug Evans,SportBet,1182634208000,+450,Doug Evans,Roger Huerta,even,https://www.bestfightodds.com/events/ufc-the-ultimate-fighter-5-finale-3
Doug Evans,SportBet,1182661210000,+500,Doug Evans,Roger Huerta,even,https://www.bestfightodds.com/events/ufc-the-ultimate-fighter-5-finale-3
Doug Evans,Bovada,1182481203000,+525,Doug Evans,Roger Huerta,even,https://www.bestfightodds.com/events/ufc-the-ultimate-fighter-5-finale-3
Doug Evans,Bovada,1182589206000,+500,Doug Evans,Roger Huerta,even,https://www.bestfightodds.com/events/ufc-the-ultimate-fighter-5-finale-3
Doug Evans,Sportsbook,1182574820000,+500,Doug Evans,Roger Huerta,even,https://www.bestfightodds.com/events/ufc-the-ultimate-fighter-5-finale-3
Doug Evans,SportsInt.,1182634217000,+450,Doug Evans,Roger Huerta,even,https://www.bestfightodds.com/events/ufc-the-ultimate-fighter-5-finale-3
Doug Evans,meanodds,1182474009000,+500,Doug Evans,Roger Huerta,even,https://www.bestfightodds.com/events/ufc-the-ultimate-fighter-5-finale-3
Doug Evans,meanodds,1182481203000,+513,Doug Evans,Roger Huerta,even,https://www.bestfightodds.com/events/ufc-the-ultimate-fighter-5-finale-3
Doug Evans,meanodds,1182574820000,+508,Doug Evans,Roger Huerta,even,https://www.bestfightodds.com/events/ufc-the-ultimate-fighter-5-finale-3
Doug Evans,meanodds,1182589206000,+500,Doug Evans,Roger Huerta,even,https://www.bestfightodds.com/events/ufc-the-ultimate-fighter-5-finale-3
Doug Evans,meanodds,1182634208000,+488,Doug Evans,Roger Huerta,even,https://www.bestfightodds.com/events/ufc-the-ultimate-fighter-5-finale-3
Doug Evans,meanodds,1182634217000,+480,Doug Evans,Roger Huerta,even,https://www.bestfightodds.com/events/ufc-the-ultimate-fighter-5-finale-3
Doug Evans,meanodds,1182659411000,+490,Doug Evans,Roger Huerta,even,https://www.bestfightodds.com/events/ufc-the-ultimate-fighter-5-finale-3
Doug Evans,meanodds,1182661210000,+500,Doug Evans,Roger Huerta,even,https://www.bestfightodds.com/events/ufc-the-ultimate-fighter-5-finale-3
Doug Evans,meanodds,1182661211000,+500,Doug Evans,Roger Huerta,even,https://www.bestfightodds.com/events/ufc-the-ultimate-fighter-5-finale-3
Roger Huerta,BookMaker,1182474009000,-700,Doug Evans,Roger Huerta,odd,https://www.bestfightodds.com/events/ufc-the-ultimate-fighter-5-finale-3
Roger Huerta,BookMaker,1182659411000,-700,Doug Evans,Roger Huerta,odd,https://www.bestfightodds.com/events/ufc-the-ultimate-fighter-5-finale-3
Roger Huerta,BookMaker,1182661211000,-750,Doug Evans,Roger Huerta,odd,https://www.bestfightodds.com/events/ufc-the-ultimate-fighter-5-finale-3
Roger Huerta,SportBet,1182634208000,-700,Doug Evans,Roger Huerta,odd,https://www.bestfightodds.com/events/ufc-the-ultimate-fighter-5-finale-3
Roger Huerta,SportBet,1182661210000,-750,Doug Evans,Roger Huerta,odd,https://www.bestfightodds.com/events/ufc-the-ultimate-fighter-5-finale-3
Roger Huerta,Bovada,1182481203000,-850,Doug Evans,Roger Huerta,odd,https://www.bestfightodds.com/events/ufc-the-ultimate-fighter-5-finale-3
Roger Huerta,Bovada,1182589206000,-900,Doug Evans,Roger Huerta,odd,https://www.bestfightodds.com/events/ufc-the-ultimate-fighter-5-finale-3
Roger Huerta,Sportsbook,1182574820000,-800,Doug Evans,Roger Huerta,odd,https://www.bestfightodds.com/events/ufc-the-ultimate-fighter-5-finale-3
Roger Huerta,SportsInt.,1182634217000,-769,Doug Evans,Roger Huerta,odd,https://www.bestfightodds.com/events/ufc-the-ultimate-fighter-5-finale-3
Roger Huerta,meanodds,1182474009000,-700,Doug Evans,Roger Huerta,odd,https://www.bestfightodds.com/events/ufc-the-ultimate-fighter-5-finale-3
Roger Huerta,meanodds,1182481203000,-768,Doug Evans,Roger Huerta,odd,https://www.bestfightodds.com/events/ufc-the-ultimate-fighter-5-finale-3
Roger Huerta,meanodds,1182574820000,-778,Doug Evans,Roger Huerta,odd,https://www.bestfightodds.com/events/ufc-the-ultimate-fighter-5-finale-3
Roger Huerta,meanodds,1182589206000,-792,Doug Evans,Roger Huerta,odd,https://www.bestfightodds.com/events/ufc-the-ultimate-fighter-5-finale-3
Roger Huerta,meanodds,1182634208000,-767,Doug Evans,Roger Huerta,odd,https://www.bestfightodds.com/events/ufc-the-ultimate-fighter-5-finale-3
Roger Huerta,meanodds,1182634217000,-767,Doug Evans,Roger Huerta,odd,https://www.bestfightodds.com/events/ufc-the-ultimate-fighter-5-finale-3
Roger Huerta,meanodds,1182659411000,-767,Doug Evans,Roger Huerta,odd,https://www.bestfightodds.com/events/ufc-the-ultimate-fighter-5-finale-3
Roger Huerta,meanodds,1182661210000,-778,Doug Evans,Roger Huerta,odd,https://www.bestfightodds.com/events/ufc-the-ultimate-fighter-5-finale-3
Roger Huerta,meanodds,1182661211000,-790,Doug Evans,Roger Huerta,odd,https://www.bestfightodds.com/events/ufc-the-ultimate-fighter-5-finale-3
Allen Berube,BookMaker,1182474010000,+500,Allen Berube,Leonard Garcia,even,https://www.bestfightodds.com/events/ufc-the-ultimate-fighter-5-finale-3
Allen Berube,SportBet,1182643212000,+475,Allen Berube,Leonard Garcia,even,https://www.bestfightodds.com/events/ufc-the-ultimate-fighter-5-finale-3
Allen Berube,Bovada,1182481203000,+500,Allen Berube,Leonard Garcia,even,https://www.bestfightodds.com/events/ufc-the-ultimate-fighter-5-finale-3
Allen Berube,Bovada,1182589206000,+500,Allen Berube,Leonard Garcia,even,https://www.bestfightodds.com/events/ufc-the-ultimate-fighter-5-finale-3
Allen Berube,Bovada,1182600003000,+480,Allen Berube,Leonard Garcia,even,https://www.bestfightodds.com/events/ufc-the-ultimate-fighter-5-finale-3
Allen Berube,Bovada,1182628803000,+500,Allen Berube,Leonard Garcia,even,https://www.bestfightodds.com/events/ufc-the-ultimate-fighter-5-finale-3
Allen Berube,Bovada,1182648603000,+525,Allen Berube,Leonard Garcia,even,https://www.bestfightodds.com/events/ufc-the-ultimate-fighter-5-finale-3
Allen Berube,Sportsbook,1182574820000,+500,Allen Berube,Leonard Garcia,even,https://www.bestfightodds.com/events/ufc-the-ultimate-fighter-5-finale-3
Allen Berube,meanodds,1182474010000,+500,Allen Berube,Leonard Garcia,even,https://www.bestfightodds.com/events/ufc-the-ultimate-fighter-5-finale-3
Allen Berube,meanodds,1182481203000,+500,Allen Berube,Leonard Garcia,even,https://www.bestfightodds.com/events/ufc-the-ultimate-fighter-5-finale-3
Allen Berube,meanodds,1182574820000,+500,Allen Berube,Leonard Garcia,even,https://www.bestfightodds.com/events/ufc-the-ultimate-fighter-5-finale-3
Allen Berube,meanodds,1182589206000,+500,Allen Berube,Leonard Garcia,even,https://www.bestfightodds.com/events/ufc-the-ultimate-fighter-5-finale-3
Allen Berube,meanodds,1182600003000,+493,Allen Berube,Leonard Garcia,even,https://www.bestfightodds.com/events/ufc-the-ultimate-fighter-5-finale-3
Allen Berube,meanodds,1182628803000,+500,Allen Berube,Leonard Garcia,even,https://www.bestfightodds.com/events/ufc-the-ultimate-fighter-5-finale-3
Allen Berube,meanodds,1182643212000,+494,Allen Berube,Leonard Garcia,even,https://www.bestfightodds.com/events/ufc-the-ultimate-fighter-5-finale-3
Allen Berube,meanodds,1182648603000,+500,Allen Berube,Leonard Garcia,even,https://www.bestfightodds.com/events/ufc-the-ultimate-fighter-5-finale-3
Leonard Garcia,BookMaker,1182474010000,-700,Allen Berube,Leonard Garcia,odd,https://www.bestfightodds.com/events/ufc-the-ultimate-fighter-5-finale-3
Leonard Garcia,SportBet,1182643212000,-725,Allen Berube,Leonard Garcia,odd,https://www.bestfightodds.com/events/ufc-the-ultimate-fighter-5-finale-3
Leonard Garcia,Bovada,1182481203000,-800,Allen Berube,Leonard Garcia,odd,https://www.bestfightodds.com/events/ufc-the-ultimate-fighter-5-finale-3
Leonard Garcia,Bovada,1182589206000,-900,Allen Berube,Leonard Garcia,odd,https://www.bestfightodds.com/events/ufc-the-ultimate-fighter-5-finale-3
Leonard Garcia,Bovada,1182600003000,-880,Allen Berube,Leonard Garcia,odd,https://www.bestfightodds.com/events/ufc-the-ultimate-fighter-5-finale-3
Leonard Garcia,Bovada,1182628803000,-900,Allen Berube,Leonard Garcia,odd,https://www.bestfightodds.com/events/ufc-the-ultimate-fighter-5-finale-3
Leonard Garcia,Bovada,1182648603000,-950,Allen Berube,Leonard Garcia,odd,https://www.bestfightodds.com/events/ufc-the-ultimate-fighter-5-finale-3
Leonard Garcia,Sportsbook,1182574820000,-800,Allen Berube,Leonard Garcia,odd,https://www.bestfightodds.com/events/ufc-the-ultimate-fighter-5-finale-3
Leonard Garcia,meanodds,1182474010000,-700,Allen Berube,Leonard Garcia,odd,https://www.bestfightodds.com/events/ufc-the-ultimate-fighter-5-finale-3
Leonard Garcia,meanodds,1182481203000,-747,Allen Berube,Leonard Garcia,odd,https://www.bestfightodds.com/events/ufc-the-ultimate-fighter-5-finale-3
Leonard Garcia,meanodds,1182574820000,-764,Allen Berube,Leonard Garcia,odd,https://www.bestfightodds.com/events/ufc-the-ultimate-fighter-5-finale-3
Leonard Garcia,meanodds,1182589206000,-792,Allen Berube,Leonard Garcia,odd,https://www.bestfightodds.com/events/ufc-the-ultimate-fighter-5-finale-3
Leonard Garcia,meanodds,1182600003000,-786,Allen Berube,Leonard Garcia,odd,https://www.bestfightodds.com/events/ufc-the-ultimate-fighter-5-finale-3
Leonard Garcia,meanodds,1182628803000,-792,Allen Berube,Leonard Garcia,odd,https://www.bestfightodds.com/events/ufc-the-ultimate-fighter-5-finale-3
Leonard Garcia,meanodds,1182643212000,-774,Allen Berube,Leonard Garcia,odd,https://www.bestfightodds.com/events/ufc-the-ultimate-fighter-5-finale-3
Leonard Garcia,meanodds,1182648603000,-783,Allen Berube,Leonard Garcia,odd,https://www.bestfightodds.com/events/ufc-the-ultimate-fighter-5-finale-3
Brandon Melendez,BookMaker,1182474010000,+330,Brandon Melendez,Joe Lauzon,even,https://www.bestfightodds.com/events/ufc-the-ultimate-fighter-5-finale-3
Brandon Melendez,BookMaker,1182477613000,+400,Brandon Melendez,Joe Lauzon,even,https://www.bestfightodds.com/events/ufc-the-ultimate-fighter-5-finale-3
Brandon Melendez,BookMaker,1182627009000,+375,Brandon Melendez,Joe Lauzon,even,https://www.bestfightodds.com/events/ufc-the-ultimate-fighter-5-finale-3
Brandon Melendez,SportBet,1182643212000,+355,Brandon Melendez,Joe Lauzon,even,https://www.bestfightodds.com/events/ufc-the-ultimate-fighter-5-finale-3
Brandon Melendez,Bovada,1182481203000,+450,Brandon Melendez,Joe Lauzon,even,https://www.bestfightodds.com/events/ufc-the-ultimate-fighter-5-finale-3
Brandon Melendez,Bovada,1182589205000,+375,Brandon Melendez,Joe Lauzon,even,https://www.bestfightodds.com/events/ufc-the-ultimate-fighter-5-finale-3
Brandon Melendez,Bovada,1182621604000,+400,Brandon Melendez,Joe Lauzon,even,https://www.bestfightodds.com/events/ufc-the-ultimate-fighter-5-finale-3
Brandon Melendez,Sportsbook,1182574820000,+425,Brandon Melendez,Joe Lauzon,even,https://www.bestfightodds.com/events/ufc-the-ultimate-fighter-5-finale-3
Brandon Melendez,meanodds,1182474010000,+330,Brandon Melendez,Joe Lauzon,even,https://www.bestfightodds.com/events/ufc-the-ultimate-fighter-5-finale-3
Brandon Melendez,meanodds,1182477613000,+400,Brandon Melendez,Joe Lauzon,even,https://www.bestfightodds.com/events/ufc-the-ultimate-fighter-5-finale-3
Brandon Melendez,meanodds,1182481203000,+425,Brandon Melendez,Joe Lauzon,even,https://www.bestfightodds.com/events/ufc-the-ultimate-fighter-5-finale-3
Brandon Melendez,meanodds,1182574820000,+425,Brandon Melendez,Joe Lauzon,even,https://www.bestfightodds.com/events/ufc-the-ultimate-fighter-5-finale-3
Brandon Melendez,meanodds,1182589205000,+400,Brandon Melendez,Joe Lauzon,even,https://www.bestfightodds.com/events/ufc-the-ultimate-fighter-5-finale-3
Brandon Melendez,meanodds,1182621604000,+408,Brandon Melendez,Joe Lauzon,even,https://www.bestfightodds.com/events/ufc-the-ultimate-fighter-5-finale-3
Brandon Melendez,meanodds,1182627009000,+400,Brandon Melendez,Joe Lauzon,even,https://www.bestfightodds.com/events/ufc-the-ultimate-fighter-5-finale-3
Brandon Melendez,meanodds,1182643212000,+389,Brandon Melendez,Joe Lauzon,even,https://www.bestfightodds.com/events/ufc-the-ultimate-fighter-5-finale-3
Joe Lauzon,BookMaker,1182474010000,-430,Brandon Melendez,Joe Lauzon,odd,https://www.bestfightodds.com/events/ufc-the-ultimate-fighter-5-finale-3
Joe Lauzon,BookMaker,1182477613000,-550,Brandon Melendez,Joe Lauzon,odd,https://www.bestfightodds.com/events/ufc-the-ultimate-fighter-5-finale-3
Joe Lauzon,BookMaker,1182627009000,-475,Brandon Melendez,Joe Lauzon,odd,https://www.bestfightodds.com/events/ufc-the-ultimate-fighter-5-finale-3
Joe Lauzon,SportBet,1182643212000,-485,Brandon Melendez,Joe Lauzon,odd,https://www.bestfightodds.com/events/ufc-the-ultimate-fighter-5-finale-3
Joe Lauzon,Bovada,1182481203000,-650,Brandon Melendez,Joe Lauzon,odd,https://www.bestfightodds.com/events/ufc-the-ultimate-fighter-5-finale-3
Joe Lauzon,Bovada,1182589205000,-650,Brandon Melendez,Joe Lauzon,odd,https://www.bestfightodds.com/events/ufc-the-ultimate-fighter-5-finale-3
Joe Lauzon,Bovada,1182621604000,-700,Brandon Melendez,Joe Lauzon,odd,https://www.bestfightodds.com/events/ufc-the-ultimate-fighter-5-finale-3
Joe Lauzon,Sportsbook,1182574820000,-625,Brandon Melendez,Joe Lauzon,odd,https://www.bestfightodds.com/events/ufc-the-ultimate-fighter-5-finale-3
Joe Lauzon,meanodds,1182474010000,-430,Brandon Melendez,Joe Lauzon,odd,https://www.bestfightodds.com/events/ufc-the-ultimate-fighter-5-finale-3
Joe Lauzon,meanodds,1182477613000,-550,Brandon Melendez,Joe Lauzon,odd,https://www.bestfightodds.com/events/ufc-the-ultimate-fighter-5-finale-3
Joe Lauzon,meanodds,1182481203000,-596,Brandon Melendez,Joe Lauzon,odd,https://www.bestfightodds.com/events/ufc-the-ultimate-fighter-5-finale-3
Joe Lauzon,meanodds,1182574820000,-605,Brandon Melendez,Joe Lauzon,odd,https://www.bestfightodds.com/events/ufc-the-ultimate-fighter-5-finale-3
Joe Lauzon,meanodds,1182589205000,-605,Brandon Melendez,Joe Lauzon,odd,https://www.bestfightodds.com/events/ufc-the-ultimate-fighter-5-finale-3
Joe Lauzon,meanodds,1182621604000,-619,Brandon Melendez,Joe Lauzon,odd,https://www.bestfightodds.com/events/ufc-the-ultimate-fighter-5-finale-3
Joe Lauzon,meanodds,1182627009000,-584,Brandon Melendez,Joe Lauzon,odd,https://www.bestfightodds.com/events/ufc-the-ultimate-fighter-5-finale-3
Joe Lauzon,meanodds,1182643212000,-556,Brandon Melendez,Joe Lauzon,odd,https://www.bestfightodds.com/events/ufc-the-ultimate-fighter-5-finale-3
Gray Maynard,BookMaker,1182474010000,-380,Gray Maynard,Rob Emerson,even,https://www.bestfightodds.com/events/ufc-the-ultimate-fighter-5-finale-3
Gray Maynard,BookMaker,1182493813000,-400,Gray Maynard,Rob Emerson,even,https://www.bestfightodds.com/events/ufc-the-ultimate-fighter-5-finale-3
Gray Maynard,BookMaker,1182517211000,-390,Gray Maynard,Rob Emerson,even,https://www.bestfightodds.com/events/ufc-the-ultimate-fighter-5-finale-3
Gray Maynard,BookMaker,1182637830000,-400,Gray Maynard,Rob Emerson,even,https://www.bestfightodds.com/events/ufc-the-ultimate-fighter-5-finale-3
Gray Maynard,SportBet,1182643212000,-400,Gray Maynard,Rob Emerson,even,https://www.bestfightodds.com/events/ufc-the-ultimate-fighter-5-finale-3
Gray Maynard,Bovada,1182481203000,-575,Gray Maynard,Rob Emerson,even,https://www.bestfightodds.com/events/ufc-the-ultimate-fighter-5-finale-3
Gray Maynard,Bovada,1182508205000,-550,Gray Maynard,Rob Emerson,even,https://www.bestfightodds.com/events/ufc-the-ultimate-fighter-5-finale-3
Gray Maynard,Bovada,1182585603000,-500,Gray Maynard,Rob Emerson,even,https://www.bestfightodds.com/events/ufc-the-ultimate-fighter-5-finale-3
Gray Maynard,Bovada,1182652202000,-480,Gray Maynard,Rob Emerson,even,https://www.bestfightodds.com/events/ufc-the-ultimate-fighter-5-finale-3
Gray Maynard,Sportsbook,1182574820000,-450,Gray Maynard,Rob Emerson,even,https://www.bestfightodds.com/events/ufc-the-ultimate-fighter-5-finale-3
Gray Maynard,meanodds,1182474010000,-380,Gray Maynard,Rob Emerson,even,https://www.bestfightodds.com/events/ufc-the-ultimate-fighter-5-finale-3
Gray Maynard,meanodds,1182481203000,-458,Gray Maynard,Rob Emerson,even,https://www.bestfightodds.com/events/ufc-the-ultimate-fighter-5-finale-3
Gray Maynard,meanodds,1182493813000,-472,Gray Maynard,Rob Emerson,even,https://www.bestfightodds.com/events/ufc-the-ultimate-fighter-5-finale-3
Gray Maynard,meanodds,1182508205000,-463,Gray Maynard,Rob Emerson,even,https://www.bestfightodds.com/events/ufc-the-ultimate-fighter-5-finale-3
Gray Maynard,meanodds,1182517211000,-456,Gray Maynard,Rob Emerson,even,https://www.bestfightodds.com/events/ufc-the-ultimate-fighter-5-finale-3
Gray Maynard,meanodds,1182574820000,-454,Gray Maynard,Rob Emerson,even,https://www.bestfightodds.com/events/ufc-the-ultimate-fighter-5-finale-3
Gray Maynard,meanodds,1182585603000,-442,Gray Maynard,Rob Emerson,even,https://www.bestfightodds.com/events/ufc-the-ultimate-fighter-5-finale-3
Gray Maynard,meanodds,1182637830000,-446,Gray Maynard,Rob Emerson,even,https://www.bestfightodds.com/events/ufc-the-ultimate-fighter-5-finale-3
Gray Maynard,meanodds,1182643212000,-434,Gray Maynard,Rob Emerson,even,https://www.bestfightodds.com/events/ufc-the-ultimate-fighter-5-finale-3
Gray Maynard,meanodds,1182652202000,-430,Gray Maynard,Rob Emerson,even,https://www.bestfightodds.com/events/ufc-the-ultimate-fighter-5-finale-3
Rob Emerson,BookMaker,1182474010000,+310,Gray Maynard,Rob Emerson,odd,https://www.bestfightodds.com/events/ufc-the-ultimate-fighter-5-finale-3
Rob Emerson,BookMaker,1182493813000,+300,Gray Maynard,Rob Emerson,odd,https://www.bestfightodds.com/events/ufc-the-ultimate-fighter-5-finale-3
Rob Emerson,BookMaker,1182517211000,+290,Gray Maynard,Rob Emerson,odd,https://www.bestfightodds.com/events/ufc-the-ultimate-fighter-5-finale-3
Rob Emerson,BookMaker,1182637830000,+300,Gray Maynard,Rob Emerson,odd,https://www.bestfightodds.com/events/ufc-the-ultimate-fighter-5-finale-3
Rob Emerson,SportBet,1182643212000,+280,Gray Maynard,Rob Emerson,odd,https://www.bestfightodds.com/events/ufc-the-ultimate-fighter-5-finale-3
Rob Emerson,Bovada,1182481203000,+375,Gray Maynard,Rob Emerson,odd,https://www.bestfightodds.com/events/ufc-the-ultimate-fighter-5-finale-3
Rob Emerson,Bovada,1182508205000,+350,Gray Maynard,Rob Emerson,odd,https://www.bestfightodds.com/events/ufc-the-ultimate-fighter-5-finale-3
Rob Emerson,Bovada,1182585603000,+300,Gray Maynard,Rob Emerson,odd,https://www.bestfightodds.com/events/ufc-the-ultimate-fighter-5-finale-3
Rob Emerson,Bovada,1182652202000,+290,Gray Maynard,Rob Emerson,odd,https://www.bestfightodds.com/events/ufc-the-ultimate-fighter-5-finale-3
Rob Emerson,Sportsbook,1182574820000,+300,Gray Maynard,Rob Emerson,odd,https://www.bestfightodds.com/events/ufc-the-ultimate-fighter-5-finale-3
Rob Emerson,meanodds,1182474010000,+310,Gray Maynard,Rob Emerson,odd,https://www.bestfightodds.com/events/ufc-the-ultimate-fighter-5-finale-3
Rob Emerson,meanodds,1182481203000,+343,Gray Maynard,Rob Emerson,odd,https://www.bestfightodds.com/events/ufc-the-ultimate-fighter-5-finale-3
Rob Emerson,meanodds,1182493813000,+338,Gray Maynard,Rob Emerson,odd,https://www.bestfightodds.com/events/ufc-the-ultimate-fighter-5-finale-3
Rob Emerson,meanodds,1182508205000,+325,Gray Maynard,Rob Emerson,odd,https://www.bestfightodds.com/events/ufc-the-ultimate-fighter-5-finale-3
Rob Emerson,meanodds,1182517211000,+320,Gray Maynard,Rob Emerson,odd,https://www.bestfightodds.com/events/ufc-the-ultimate-fighter-5-finale-3
Rob Emerson,meanodds,1182574820000,+313,Gray Maynard,Rob Emerson,odd,https://www.bestfightodds.com/events/ufc-the-ultimate-fighter-5-finale-3
Rob Emerson,meanodds,1182585603000,+297,Gray Maynard,Rob Emerson,odd,https://www.bestfightodds.com/events/ufc-the-ultimate-fighter-5-finale-3
Rob Emerson,meanodds,1182637830000,+300,Gray Maynard,Rob Emerson,odd,https://www.bestfightodds.com/events/ufc-the-ultimate-fighter-5-finale-3
Rob Emerson,meanodds,1182643212000,+295,Gray Maynard,Rob Emerson,odd,https://www.bestfightodds.com/events/ufc-the-ultimate-fighter-5-finale-3
Rob Emerson,meanodds,1182652202000,+293,Gray Maynard,Rob Emerson,odd,https://www.bestfightodds.com/events/ufc-the-ultimate-fighter-5-finale-3
Floyd Sword,BookMaker,1182474010000,+400,Floyd Sword,Thales Leites,even,https://www.bestfightodds.com/events/ufc-the-ultimate-fighter-5-finale-3
Floyd Sword,BookMaker,1182517211000,+380,Floyd Sword,Thales Leites,even,https://www.bestfightodds.com/events/ufc-the-ultimate-fighter-5-finale-3
Floyd Sword,BookMaker,1182551416000,+350,Floyd Sword,Thales Leites,even,https://www.bestfightodds.com/events/ufc-the-ultimate-fighter-5-finale-3
Floyd Sword,BookMaker,1182560413000,+400,Floyd Sword,Thales Leites,even,https://www.bestfightodds.com/events/ufc-the-ultimate-fighter-5-finale-3
Floyd Sword,BookMaker,1182659411000,+450,Floyd Sword,Thales Leites,even,https://www.bestfightodds.com/events/ufc-the-ultimate-fighter-5-finale-3
Floyd Sword,BookMaker,1182663009000,+370,Floyd Sword,Thales Leites,even,https://www.bestfightodds.com/events/ufc-the-ultimate-fighter-5-finale-3
Floyd Sword,SportBet,1182634208000,+300,Floyd Sword,Thales Leites,even,https://www.bestfightodds.com/events/ufc-the-ultimate-fighter-5-finale-3
Floyd Sword,SportBet,1182661210000,+400,Floyd Sword,Thales Leites,even,https://www.bestfightodds.com/events/ufc-the-ultimate-fighter-5-finale-3
Floyd Sword,Bovada,1182481202000,+400,Floyd Sword,Thales Leites,even,https://www.bestfightodds.com/events/ufc-the-ultimate-fighter-5-finale-3
Floyd Sword,Bovada,1182589205000,+375,Floyd Sword,Thales Leites,even,https://www.bestfightodds.com/events/ufc-the-ultimate-fighter-5-finale-3
Floyd Sword,Sportsbook,1182574820000,+400,Floyd Sword,Thales Leites,even,https://www.bestfightodds.com/events/ufc-the-ultimate-fighter-5-finale-3
Floyd Sword,SportsInt.,1182634217000,+350,Floyd Sword,Thales Leites,even,https://www.bestfightodds.com/events/ufc-the-ultimate-fighter-5-finale-3
Floyd Sword,meanodds,1182474010000,+400,Floyd Sword,Thales Leites,even,https://www.bestfightodds.com/events/ufc-the-ultimate-fighter-5-finale-3
Floyd Sword,meanodds,1182481202000,+400,Floyd Sword,Thales Leites,even,https://www.bestfightodds.com/events/ufc-the-ultimate-fighter-5-finale-3
Floyd Sword,meanodds,1182517211000,+390,Floyd Sword,Thales Leites,even,https://www.bestfightodds.com/events/ufc-the-ultimate-fighter-5-finale-3
Floyd Sword,meanodds,1182551416000,+375,Floyd Sword,Thales Leites,even,https://www.bestfightodds.com/events/ufc-the-ultimate-fighter-5-finale-3
Floyd Sword,meanodds,1182560413000,+400,Floyd Sword,Thales Leites,even,https://www.bestfightodds.com/events/ufc-the-ultimate-fighter-5-finale-3
Floyd Sword,meanodds,1182574820000,+400,Floyd Sword,Thales Leites,even,https://www.bestfightodds.com/events/ufc-the-ultimate-fighter-5-finale-3
Floyd Sword,meanodds,1182589205000,+392,Floyd Sword,Thales Leites,even,https://www.bestfightodds.com/events/ufc-the-ultimate-fighter-5-finale-3
Floyd Sword,meanodds,1182634208000,+369,Floyd Sword,Thales Leites,even,https://www.bestfightodds.com/events/ufc-the-ultimate-fighter-5-finale-3
Floyd Sword,meanodds,1182634217000,+365,Floyd Sword,Thales Leites,even,https://www.bestfightodds.com/events/ufc-the-ultimate-fighter-5-finale-3
Floyd Sword,meanodds,1182659411000,+375,Floyd Sword,Thales Leites,even,https://www.bestfightodds.com/events/ufc-the-ultimate-fighter-5-finale-3
Floyd Sword,meanodds,1182661210000,+395,Floyd Sword,Thales Leites,even,https://www.bestfightodds.com/events/ufc-the-ultimate-fighter-5-finale-3
Floyd Sword,meanodds,1182663009000,+379,Floyd Sword,Thales Leites,even,https://www.bestfightodds.com/events/ufc-the-ultimate-fighter-5-finale-3
Thales Leites,BookMaker,1182474010000,-550,Floyd Sword,Thales Leites,odd,https://www.bestfightodds.com/events/ufc-the-ultimate-fighter-5-finale-3
Thales Leites,BookMaker,1182517211000,-530,Floyd Sword,Thales Leites,odd,https://www.bestfightodds.com/events/ufc-the-ultimate-fighter-5-finale-3
Thales Leites,BookMaker,1182551416000,-500,Floyd Sword,Thales Leites,odd,https://www.bestfightodds.com/events/ufc-the-ultimate-fighter-5-finale-3
Thales Leites,BookMaker,1182560413000,-550,Floyd Sword,Thales Leites,odd,https://www.bestfightodds.com/events/ufc-the-ultimate-fighter-5-finale-3
Thales Leites,BookMaker,1182659411000,-550,Floyd Sword,Thales Leites,odd,https://www.bestfightodds.com/events/ufc-the-ultimate-fighter-5-finale-3
Thales Leites,BookMaker,1182663009000,-450,Floyd Sword,Thales Leites,odd,https://www.bestfightodds.com/events/ufc-the-ultimate-fighter-5-finale-3
Thales Leites,SportBet,1182634208000,-550,Floyd Sword,Thales Leites,odd,https://www.bestfightodds.com/events/ufc-the-ultimate-fighter-5-finale-3
Thales Leites,SportBet,1182661210000,-550,Floyd Sword,Thales Leites,odd,https://www.bestfightodds.com/events/ufc-the-ultimate-fighter-5-finale-3
Thales Leites,Bovada,1182481202000,-600,Floyd Sword,Thales Leites,odd,https://www.bestfightodds.com/events/ufc-the-ultimate-fighter-5-finale-3
Thales Leites,Bovada,1182589205000,-650,Floyd Sword,Thales Leites,odd,https://www.bestfightodds.com/events/ufc-the-ultimate-fighter-5-finale-3
Thales Leites,Sportsbook,1182574820000,-600,Floyd Sword,Thales Leites,odd,https://www.bestfightodds.com/events/ufc-the-ultimate-fighter-5-finale-3
Thales Leites,SportsInt.,1182634217000,-625,Floyd Sword,Thales Leites,odd,https://www.bestfightodds.com/events/ufc-the-ultimate-fighter-5-finale-3
Thales Leites,meanodds,1182474010000,-550,Floyd Sword,Thales Leites,odd,https://www.bestfightodds.com/events/ufc-the-ultimate-fighter-5-finale-3
Thales Leites,meanodds,1182481202000,-574,Floyd Sword,Thales Leites,odd,https://www.bestfightodds.com/events/ufc-the-ultimate-fighter-5-finale-3
Thales Leites,meanodds,1182517211000,-563,Floyd Sword,Thales Leites,odd,https://www.bestfightodds.com/events/ufc-the-ultimate-fighter-5-finale-3
Thales Leites,meanodds,1182551416000,-545,Floyd Sword,Thales Leites,odd,https://www.bestfightodds.com/events/ufc-the-ultimate-fighter-5-finale-3
Thales Leites,meanodds,1182560413000,-574,Floyd Sword,Thales Leites,odd,https://www.bestfightodds.com/events/ufc-the-ultimate-fighter-5-finale-3
Thales Leites,meanodds,1182574820000,-582,Floyd Sword,Thales Leites,odd,https://www.bestfightodds.com/events/ufc-the-ultimate-fighter-5-finale-3
Thales Leites,meanodds,1182589205000,-597,Floyd Sword,Thales Leites,odd,https://www.bestfightodds.com/events/ufc-the-ultimate-fighter-5-finale-3
Thales Leites,meanodds,1182634208000,-585,Floyd Sword,Thales Leites,odd,https://www.bestfightodds.com/events/ufc-the-ultimate-fighter-5-finale-3
Thales Leites,meanodds,1182634217000,-592,Floyd Sword,Thales Leites,odd,https://www.bestfightodds.com/events/ufc-the-ultimate-fighter-5-finale-3
Thales Leites,meanodds,1182659411000,-592,Floyd Sword,Thales Leites,odd,https://www.bestfightodds.com/events/ufc-the-ultimate-fighter-5-finale-3
Thales Leites,meanodds,1182661210000,-592,Floyd Sword,Thales Leites,odd,https://www.bestfightodds.com/events/ufc-the-ultimate-fighter-5-finale-3
Thales Leites,meanodds,1182663009000,-565,Floyd Sword,Thales Leites,odd,https://www.bestfightodds.com/events/ufc-the-ultimate-fighter-5-finale-3
Brian Geraghty,BookMaker,1182474010000,+260,Brian Geraghty,Matt Wiman,even,https://www.bestfightodds.com/events/ufc-the-ultimate-fighter-5-finale-3
Brian Geraghty,BookMaker,1182493813000,+300,Brian Geraghty,Matt Wiman,even,https://www.bestfightodds.com/events/ufc-the-ultimate-fighter-5-finale-3
Brian Geraghty,BookMaker,1182495610000,+325,Brian Geraghty,Matt Wiman,even,https://www.bestfightodds.com/events/ufc-the-ultimate-fighter-5-finale-3
Brian Geraghty,BookMaker,1182517211000,+315,Brian Geraghty,Matt Wiman,even,https://www.bestfightodds.com/events/ufc-the-ultimate-fighter-5-finale-3
Brian Geraghty,SportBet,1182643212000,+300,Brian Geraghty,Matt Wiman,even,https://www.bestfightodds.com/events/ufc-the-ultimate-fighter-5-finale-3
Brian Geraghty,Bovada,1182481203000,+425,Brian Geraghty,Matt Wiman,even,https://www.bestfightodds.com/events/ufc-the-ultimate-fighter-5-finale-3
Brian Geraghty,Bovada,1182493803000,+400,Brian Geraghty,Matt Wiman,even,https://www.bestfightodds.com/events/ufc-the-ultimate-fighter-5-finale-3
Brian Geraghty,Bovada,1182522603000,+375,Brian Geraghty,Matt Wiman,even,https://www.bestfightodds.com/events/ufc-the-ultimate-fighter-5-finale-3
Brian Geraghty,Bovada,1182549602000,+350,Brian Geraghty,Matt Wiman,even,https://www.bestfightodds.com/events/ufc-the-ultimate-fighter-5-finale-3
Brian Geraghty,Bovada,1182560403000,+300,Brian Geraghty,Matt Wiman,even,https://www.bestfightodds.com/events/ufc-the-ultimate-fighter-5-finale-3
Brian Geraghty,Bovada,1182596406000,+290,Brian Geraghty,Matt Wiman,even,https://www.bestfightodds.com/events/ufc-the-ultimate-fighter-5-finale-3
Brian Geraghty,Bovada,1182600003000,+280,Brian Geraghty,Matt Wiman,even,https://www.bestfightodds.com/events/ufc-the-ultimate-fighter-5-finale-3
Brian Geraghty,Bovada,1182648603000,+275,Brian Geraghty,Matt Wiman,even,https://www.bestfightodds.com/events/ufc-the-ultimate-fighter-5-finale-3
Brian Geraghty,Sportsbook,1182574820000,+350,Brian Geraghty,Matt Wiman,even,https://www.bestfightodds.com/events/ufc-the-ultimate-fighter-5-finale-3
Brian Geraghty,meanodds,1182474010000,+260,Brian Geraghty,Matt Wiman,even,https://www.bestfightodds.com/events/ufc-the-ultimate-fighter-5-finale-3
Brian Geraghty,meanodds,1182481203000,+343,Brian Geraghty,Matt Wiman,even,https://www.bestfightodds.com/events/ufc-the-ultimate-fighter-5-finale-3
Brian Geraghty,meanodds,1182493803000,+330,Brian Geraghty,Matt Wiman,even,https://www.bestfightodds.com/events/ufc-the-ultimate-fighter-5-finale-3
Brian Geraghty,meanodds,1182493813000,+350,Brian Geraghty,Matt Wiman,even,https://www.bestfightodds.com/events/ufc-the-ultimate-fighter-5-finale-3
Brian Geraghty,meanodds,1182495610000,+363,Brian Geraghty,Matt Wiman,even,https://www.bestfightodds.com/events/ufc-the-ultimate-fighter-5-finale-3
Brian Geraghty,meanodds,1182517211000,+358,Brian Geraghty,Matt Wiman,even,https://www.bestfightodds.com/events/ufc-the-ultimate-fighter-5-finale-3
Brian Geraghty,meanodds,1182522603000,+345,Brian Geraghty,Matt Wiman,even,https://www.bestfightodds.com/events/ufc-the-ultimate-fighter-5-finale-3
Brian Geraghty,meanodds,1182549602000,+333,Brian Geraghty,Matt Wiman,even,https://www.bestfightodds.com/events/ufc-the-ultimate-fighter-5-finale-3
Brian Geraghty,meanodds,1182560403000,+308,Brian Geraghty,Matt Wiman,even,https://www.bestfightodds.com/events/ufc-the-ultimate-fighter-5-finale-3
Brian Geraghty,meanodds,1182574820000,+322,Brian Geraghty,Matt Wiman,even,https://www.bestfightodds.com/events/ufc-the-ultimate-fighter-5-finale-3
Brian Geraghty,meanodds,1182596406000,+318,Brian Geraghty,Matt Wiman,even,https://www.bestfightodds.com/events/ufc-the-ultimate-fighter-5-finale-3
Brian Geraghty,meanodds,1182600003000,+315,Brian Geraghty,Matt Wiman,even,https://www.bestfightodds.com/events/ufc-the-ultimate-fighter-5-finale-3
Brian Geraghty,meanodds,1182643212000,+311,Brian Geraghty,Matt Wiman,even,https://www.bestfightodds.com/events/ufc-the-ultimate-fighter-5-finale-3
Brian Geraghty,meanodds,1182648603000,+310,Brian Geraghty,Matt Wiman,even,https://www.bestfightodds.com/events/ufc-the-ultimate-fighter-5-finale-3
Matt Wiman,BookMaker,1182474010000,-320,Brian Geraghty,Matt Wiman,odd,https://www.bestfightodds.com/events/ufc-the-ultimate-fighter-5-finale-3
Matt Wiman,BookMaker,1182493813000,-400,Brian Geraghty,Matt Wiman,odd,https://www.bestfightodds.com/events/ufc-the-ultimate-fighter-5-finale-3
Matt Wiman,BookMaker,1182495610000,-425,Brian Geraghty,Matt Wiman,odd,https://www.bestfightodds.com/events/ufc-the-ultimate-fighter-5-finale-3
Matt Wiman,BookMaker,1182517211000,-415,Brian Geraghty,Matt Wiman,odd,https://www.bestfightodds.com/events/ufc-the-ultimate-fighter-5-finale-3
Matt Wiman,SportBet,1182643212000,-425,Brian Geraghty,Matt Wiman,odd,https://www.bestfightodds.com/events/ufc-the-ultimate-fighter-5-finale-3
Matt Wiman,Bovada,1182481203000,-625,Brian Geraghty,Matt Wiman,odd,https://www.bestfightodds.com/events/ufc-the-ultimate-fighter-5-finale-3
Matt Wiman,Bovada,1182493803000,-600,Brian Geraghty,Matt Wiman,odd,https://www.bestfightodds.com/events/ufc-the-ultimate-fighter-5-finale-3
Matt Wiman,Bovada,1182522603000,-550,Brian Geraghty,Matt Wiman,odd,https://www.bestfightodds.com/events/ufc-the-ultimate-fighter-5-finale-3
Matt Wiman,Bovada,1182549602000,-525,Brian Geraghty,Matt Wiman,odd,https://www.bestfightodds.com/events/ufc-the-ultimate-fighter-5-finale-3
Matt Wiman,Bovada,1182560403000,-500,Brian Geraghty,Matt Wiman,odd,https://www.bestfightodds.com/events/ufc-the-ultimate-fighter-5-finale-3
Matt Wiman,Bovada,1182596406000,-480,Brian Geraghty,Matt Wiman,odd,https://www.bestfightodds.com/events/ufc-the-ultimate-fighter-5-finale-3
Matt Wiman,Bovada,1182600003000,-460,Brian Geraghty,Matt Wiman,odd,https://www.bestfightodds.com/events/ufc-the-ultimate-fighter-5-finale-3
Matt Wiman,Bovada,1182648603000,-450,Brian Geraghty,Matt Wiman,odd,https://www.bestfightodds.com/events/ufc-the-ultimate-fighter-5-finale-3
Matt Wiman,Sportsbook,1182574820000,-500,Brian Geraghty,Matt Wiman,odd,https://www.bestfightodds.com/events/ufc-the-ultimate-fighter-5-finale-3
Matt Wiman,meanodds,1182474010000,-320,Brian Geraghty,Matt Wiman,odd,https://www.bestfightodds.com/events/ufc-the-ultimate-fighter-5-finale-3
Matt Wiman,meanodds,1182481203000,-423,Brian Geraghty,Matt Wiman,odd,https://www.bestfightodds.com/events/ufc-the-ultimate-fighter-5-finale-3
Matt Wiman,meanodds,1182493803000,-417,Brian Geraghty,Matt Wiman,odd,https://www.bestfightodds.com/events/ufc-the-ultimate-fighter-5-finale-3
Matt Wiman,meanodds,1182493813000,-480,Brian Geraghty,Matt Wiman,odd,https://www.bestfightodds.com/events/ufc-the-ultimate-fighter-5-finale-3
Matt Wiman,meanodds,1182495610000,-498,Brian Geraghty,Matt Wiman,odd,https://www.bestfightodds.com/events/ufc-the-ultimate-fighter-5-finale-3
Matt Wiman,meanodds,1182517211000,-491,Brian Geraghty,Matt Wiman,odd,https://www.bestfightodds.com/events/ufc-the-ultimate-fighter-5-finale-3
Matt Wiman,meanodds,1182522603000,-473,Brian Geraghty,Matt Wiman,odd,https://www.bestfightodds.com/events/ufc-the-ultimate-fighter-5-finale-3
Matt Wiman,meanodds,1182549602000,-464,Brian Geraghty,Matt Wiman,odd,https://www.bestfightodds.com/events/ufc-the-ultimate-fighter-5-finale-3
Matt Wiman,meanodds,1182560403000,-454,Brian Geraghty,Matt Wiman,odd,https://www.bestfightodds.com/events/ufc-the-ultimate-fighter-5-finale-3
Matt Wiman,meanodds,1182574820000,-468,Brian Geraghty,Matt Wiman,odd,https://www.bestfightodds.com/events/ufc-the-ultimate-fighter-5-finale-3
Matt Wiman,meanodds,1182596406000,-462,Brian Geraghty,Matt Wiman,odd,https://www.bestfightodds.com/events/ufc-the-ultimate-fighter-5-finale-3
Matt Wiman,meanodds,1182600003000,-456,Brian Geraghty,Matt Wiman,odd,https://www.bestfightodds.com/events/ufc-the-ultimate-fighter-5-finale-3
Matt Wiman,meanodds,1182643212000,-448,Brian Geraghty,Matt Wiman,odd,https://www.bestfightodds.com/events/ufc-the-ultimate-fighter-5-finale-3
Matt Wiman,meanodds,1182648603000,-445,Brian Geraghty,Matt Wiman,odd,https://www.bestfightodds.com/events/ufc-the-ultimate-fighter-5-finale-3
Andy Wang,BookMaker,1182474010000,+400,Andy Wang,Cole Miller,even,https://www.bestfightodds.com/events/ufc-the-ultimate-fighter-5-finale-3
Andy Wang,BookMaker,1182504616000,+375,Andy Wang,Cole Miller,even,https://www.bestfightodds.com/events/ufc-the-ultimate-fighter-5-finale-3
Andy Wang,BookMaker,1182551417000,+350,Andy Wang,Cole Miller,even,https://www.bestfightodds.com/events/ufc-the-ultimate-fighter-5-finale-3
Andy Wang,BookMaker,1182639139000,+375,Andy Wang,Cole Miller,even,https://www.bestfightodds.com/events/ufc-the-ultimate-fighter-5-finale-3
Andy Wang,BookMaker,1182654009000,+350,Andy Wang,Cole Miller,even,https://www.bestfightodds.com/events/ufc-the-ultimate-fighter-5-finale-3
Andy Wang,SportBet,1182643212000,+360,Andy Wang,Cole Miller,even,https://www.bestfightodds.com/events/ufc-the-ultimate-fighter-5-finale-3
Andy Wang,Bovada,1182481203000,+450,Andy Wang,Cole Miller,even,https://www.bestfightodds.com/events/ufc-the-ultimate-fighter-5-finale-3
Andy Wang,Bovada,1182508205000,+425,Andy Wang,Cole Miller,even,https://www.bestfightodds.com/events/ufc-the-ultimate-fighter-5-finale-3
Andy Wang,Bovada,1182510006000,+400,Andy Wang,Cole Miller,even,https://www.bestfightodds.com/events/ufc-the-ultimate-fighter-5-finale-3
Andy Wang,Bovada,1182589206000,+350,Andy Wang,Cole Miller,even,https://www.bestfightodds.com/events/ufc-the-ultimate-fighter-5-finale-3
Andy Wang,Bovada,1182601804000,+340,Andy Wang,Cole Miller,even,https://www.bestfightodds.com/events/ufc-the-ultimate-fighter-5-finale-3
Andy Wang,Bovada,1182623402000,+350,Andy Wang,Cole Miller,even,https://www.bestfightodds.com/events/ufc-the-ultimate-fighter-5-finale-3
Andy Wang,Bovada,1182652203000,+340,Andy Wang,Cole Miller,even,https://www.bestfightodds.com/events/ufc-the-ultimate-fighter-5-finale-3
Andy Wang,Sportsbook,1182574820000,+475,Andy Wang,Cole Miller,even,https://www.bestfightodds.com/events/ufc-the-ultimate-fighter-5-finale-3
Andy Wang,meanodds,1182474010000,+400,Andy Wang,Cole Miller,even,https://www.bestfightodds.com/events/ufc-the-ultimate-fighter-5-finale-3
Andy Wang,meanodds,1182481203000,+425,Andy Wang,Cole Miller,even,https://www.bestfightodds.com/events/ufc-the-ultimate-fighter-5-finale-3
Andy Wang,meanodds,1182504616000,+413,Andy Wang,Cole Miller,even,https://www.bestfightodds.com/events/ufc-the-ultimate-fighter-5-finale-3
Andy Wang,meanodds,1182508205000,+400,Andy Wang,Cole Miller,even,https://www.bestfightodds.com/events/ufc-the-ultimate-fighter-5-finale-3
Andy Wang,meanodds,1182510006000,+388,Andy Wang,Cole Miller,even,https://www.bestfightodds.com/events/ufc-the-ultimate-fighter-5-finale-3
Andy Wang,meanodds,1182551417000,+375,Andy Wang,Cole Miller,even,https://www.bestfightodds.com/events/ufc-the-ultimate-fighter-5-finale-3
Andy Wang,meanodds,1182574820000,+408,Andy Wang,Cole Miller,even,https://www.bestfightodds.com/events/ufc-the-ultimate-fighter-5-finale-3
Andy Wang,meanodds,1182589206000,+392,Andy Wang,Cole Miller,even,https://www.bestfightodds.com/events/ufc-the-ultimate-fighter-5-finale-3
Andy Wang,meanodds,1182601804000,+388,Andy Wang,Cole Miller,even,https://www.bestfightodds.com/events/ufc-the-ultimate-fighter-5-finale-3
Andy Wang,meanodds,1182623402000,+392,Andy Wang,Cole Miller,even,https://www.bestfightodds.com/events/ufc-the-ultimate-fighter-5-finale-3
Andy Wang,meanodds,1182639139000,+400,Andy Wang,Cole Miller,even,https://www.bestfightodds.com/events/ufc-the-ultimate-fighter-5-finale-3
Andy Wang,meanodds,1182643212000,+390,Andy Wang,Cole Miller,even,https://www.bestfightodds.com/events/ufc-the-ultimate-fighter-5-finale-3
Andy Wang,meanodds,1182652203000,+388,Andy Wang,Cole Miller,even,https://www.bestfightodds.com/events/ufc-the-ultimate-fighter-5-finale-3
Andy Wang,meanodds,1182654009000,+381,Andy Wang,Cole Miller,even,https://www.bestfightodds.com/events/ufc-the-ultimate-fighter-5-finale-3
Cole Miller,BookMaker,1182474010000,-550,Andy Wang,Cole Miller,odd,https://www.bestfightodds.com/events/ufc-the-ultimate-fighter-5-finale-3
Cole Miller,BookMaker,1182504616000,-525,Andy Wang,Cole Miller,odd,https://www.bestfightodds.com/events/ufc-the-ultimate-fighter-5-finale-3
Cole Miller,BookMaker,1182551417000,-500,Andy Wang,Cole Miller,odd,https://www.bestfightodds.com/events/ufc-the-ultimate-fighter-5-finale-3
Cole Miller,BookMaker,1182639139000,-475,Andy Wang,Cole Miller,odd,https://www.bestfightodds.com/events/ufc-the-ultimate-fighter-5-finale-3
Cole Miller,BookMaker,1182654009000,-450,Andy Wang,Cole Miller,odd,https://www.bestfightodds.com/events/ufc-the-ultimate-fighter-5-finale-3
Cole Miller,SportBet,1182643212000,-485,Andy Wang,Cole Miller,odd,https://www.bestfightodds.com/events/ufc-the-ultimate-fighter-5-finale-3
Cole Miller,Bovada,1182481203000,-650,Andy Wang,Cole Miller,odd,https://www.bestfightodds.com/events/ufc-the-ultimate-fighter-5-finale-3
Cole Miller,Bovada,1182508205000,-625,Andy Wang,Cole Miller,odd,https://www.bestfightodds.com/events/ufc-the-ultimate-fighter-5-finale-3
Cole Miller,Bovada,1182510006000,-600,Andy Wang,Cole Miller,odd,https://www.bestfightodds.com/events/ufc-the-ultimate-fighter-5-finale-3
Cole Miller,Bovada,1182589206000,-600,Andy Wang,Cole Miller,odd,https://www.bestfightodds.com/events/ufc-the-ultimate-fighter-5-finale-3
Cole Miller,Bovada,1182601804000,-580,Andy Wang,Cole Miller,odd,https://www.bestfightodds.com/events/ufc-the-ultimate-fighter-5-finale-3
Cole Miller,Bovada,1182623402000,-600,Andy Wang,Cole Miller,odd,https://www.bestfightodds.com/events/ufc-the-ultimate-fighter-5-finale-3
Cole Miller,Bovada,1182652203000,-580,Andy Wang,Cole Miller,odd,https://www.bestfightodds.com/events/ufc-the-ultimate-fighter-5-finale-3
Cole Miller,Sportsbook,1182574820000,-675,Andy Wang,Cole Miller,odd,https://www.bestfightodds.com/events/ufc-the-ultimate-fighter-5-finale-3
Cole Miller,meanodds,1182474010000,-550,Andy Wang,Cole Miller,odd,https://www.bestfightodds.com/events/ufc-the-ultimate-fighter-5-finale-3
Cole Miller,meanodds,1182481203000,-596,Andy Wang,Cole Miller,odd,https://www.bestfightodds.com/events/ufc-the-ultimate-fighter-5-finale-3
Cole Miller,meanodds,1182504616000,-581,Andy Wang,Cole Miller,odd,https://www.bestfightodds.com/events/ufc-the-ultimate-fighter-5-finale-3
Cole Miller,meanodds,1182508205000,-571,Andy Wang,Cole Miller,odd,https://www.bestfightodds.com/events/ufc-the-ultimate-fighter-5-finale-3
Cole Miller,meanodds,1182510006000,-560,Andy Wang,Cole Miller,odd,https://www.bestfightodds.com/events/ufc-the-ultimate-fighter-5-finale-3
Cole Miller,meanodds,1182551417000,-545,Andy Wang,Cole Miller,odd,https://www.bestfightodds.com/events/ufc-the-ultimate-fighter-5-finale-3
Cole Miller,meanodds,1182574820000,-583,Andy Wang,Cole Miller,odd,https://www.bestfightodds.com/events/ufc-the-ultimate-fighter-5-finale-3
Cole Miller,meanodds,1182589206000,-583,Andy Wang,Cole Miller,odd,https://www.bestfightodds.com/events/ufc-the-ultimate-fighter-5-finale-3
Cole Miller,meanodds,1182601804000,-576,Andy Wang,Cole Miller,odd,https://www.bestfightodds.com/events/ufc-the-ultimate-fighter-5-finale-3
Cole Miller,meanodds,1182623402000,-583,Andy Wang,Cole Miller,odd,https://www.bestfightodds.com/events/ufc-the-ultimate-fighter-5-finale-3
Cole Miller,meanodds,1182639139000,-571,Andy Wang,Cole Miller,odd,https://www.bestfightodds.com/events/ufc-the-ultimate-fighter-5-finale-3
Cole Miller,meanodds,1182643212000,-547,Andy Wang,Cole Miller,odd,https://www.bestfightodds.com/events/ufc-the-ultimate-fighter-5-finale-3
Cole Miller,meanodds,1182652203000,-543,Andy Wang,Cole Miller,odd,https://www.bestfightodds.com/events/ufc-the-ultimate-fighter-5-finale-3
Cole Miller,meanodds,1182654009000,-534,Andy Wang,Cole Miller,odd,https://www.bestfightodds.com/events/ufc-the-ultimate-fighter-5-finale-3
